index,title,doi,technology_type,local_pdf_path,Resolution value,Resolution rationale,Scalability/Throughput value,Scalability/Throughput rationale,Build and Part Sourcing Complexity value,Build and Part Sourcing Complexity rationale,Skill Complexity value,Skill Complexity rationale,Equipment/Cosumable/Facility Requirement Accessibility value,Equipment/Cosumable/Facility Requirement Accessibility rationale,Application Level value,Application Level rationale,Accessibility to documentation value,Accessibility to documentation rationale,Validation/Troubleshooting Complexity value,Validation/Troubleshooting Complexity rationale,Speed/Cycle Time value,Speed/Cycle Time rationale,Build Time value,Build Time rationale,Approximate Total Build Cost (USD),Keep reference (yes or no)
20,An open-source and low-cost dual-extruder 3D printer for macroscale biotic materials,10.1007/s40964-025-01383-z,Bioprinting,/Users/iyakavets/Documents/Github/dyi-biofabrication/downloaded_papers/020_An_open-source_and_low-cost_dual-extruder_3D_printer_for_macroscale_biotic_materials.pdf,N/A,N/A,4,"Evidence of parallel, plate-scale, multi-head, or unattended operation.",3,Mix of common parts and custom/printed components.,3,Multiple technical skills appear required.,3,Requires accessible but nontrivial lab/maker equipment.,4,Presented as modular or usable across multiple workflows.,4,Open resources include several build or operation artifacts.,4,"Validation includes standards, benchmarking, replicates, or multi-condition tests.",4,"Speed evidence suggests rapid, real-time, or automated operation.",N/A,Build time not reported.,N/A,no
27,"A hackable, multi-functional, and modular extrusion 3D printer for soft materials",10.1038/s41598-022-16008-6,Bioprinting,/Users/iyakavets/Documents/Github/dyi-biofabrication/downloaded_papers/027_A_hackable_multi-functional_and_modular_extrusion_3D_printer_for_soft_materials.pdf,3,Minimum volume evidence about 125 um.,3,"Moderate scalability via modularity, batching, or partial automation.",3,Mix of common parts and custom/printed components.,3,Multiple technical skills appear required.,4,Uses common benchtop/desktop equipment or generic consumables.,4,Presented as modular or usable across multiple workflows.,3,Some open documentation or files are available.,4,"Validation includes standards, benchmarking, replicates, or multi-condition tests.",4,"Speed evidence suggests rapid, real-time, or automated operation.",N/A,Build time not reported.,N/A,no
66,Establishment of low-cost laboratory automation processes using AutoIt and 4-axis robots,10.1016/j.slast.2022.07.001,Liquid Handling,/Users/iyakavets/Documents/Github/dyi-biofabrication/pdfs/066_Establishment_of_low-cost_laboratory_automation_processes_using_AutoIt_and_4-axis_robots.pdf,3,"Smallest demonstrated dispense 20 uL in multi-dispense steps with 100 uL single pipetting; accuracy is supplied by the commercial BRAND electronic pipette, not the robot.",3,Single-channel pipette handling one fluid at a time with the tip rinsed rather than ejected; completes a 96-well plate and a 24-sample AAS autosampler run unattended.,2,Requires specialized or custom-built components.,4,Build/operation described as low-skill or basic assembly.,3,Equipment requirements not explicit; assigned moderate default.,4,Presented as modular or usable across multiple workflows.,3,Some open documentation or files are available.,4,"Multiple volumes and concentrations, three liquids and three processes statistically benchmarked against a trained technician (Mann-Whitney, Wilcoxon, Levene) with carryover controls; no drift study.",1,"Explicitly slower than manual by factors of 3.5 (pipetting), 3.0 (inoculation) and 1.6 (AAS), i.e. more than twice as slow overall.",N/A,Build time not reported.,N/A,yes
77,Slowpoke: An Automated Golden Gate Cloning Workflow for Opentrons OT-2 and Flex,10.1021/acssynbio.5c00629,Liquid Handling,/Users/iyakavets/Documents/Github/dyi-biofabrication/pdfs/077_Slowpoke_An_Automated_Golden_Gate_Cloning_Workflow_for_Opentrons_OT-2_and_Flex.pdf,5,Minimum volume evidence about 0.5 uL.,4,"Evidence of parallel, plate-scale, multi-head, or unattended operation.",4,Mostly off-the-shelf or kit-based components.,2,Multiple advanced technical skills appear required.,4,Uses common benchtop/desktop equipment or generic consumables.,4,Presented as modular or usable across multiple workflows.,4,Open resources include several build or operation artifacts.,4,"Validation includes standards, benchmarking, replicates, or multi-condition tests.",4,"Speed evidence suggests rapid, real-time, or automated operation.",N/A,Build time not reported.,N/A,no
80,OT-Mation: an open-source code for parsing CSV files into Python scripts for control of OT-2 liquid-handling robotics,10.1093/synbio/ysaf009,Liquid Handling (code),/Users/iyakavets/Documents/Github/dyi-biofabrication/pdfs/080_OT-Mation_an_open-source_code_for_parsing_CSV_files_into_Python_scripts_for_control_of_OT-2_liquid-handling_robotics.pdf,3,"Pure script contribution; only pipette models (P10, P50) and uL/s aspirate-dispense rate fields appear, with no volumes, accuracy or precision data. Resolution is entirely the host OT-2’s.",3,"Generates full multi-sample plate protocols with dilution calculation and mentions two OT-2 mounts with automatic pipette selection, but demonstrates no multi-channel or independent parallel fluid paths.",3,Mix of common parts and custom/printed components.,4,Build/operation described as low-skill or basic assembly.,3,Equipment requirements not explicit; assigned moderate default.,4,Presented as modular or usable across multiple workflows.,4,Open resources include several build or operation artifacts.,1,"The only validation statement is that testing was performed on an Opentrons OT-2; no quantitative data, replicates, calibration procedure or result figures.",3,No timing comparison reported; only a literature-cited claim that GUI protocol editing may take more time than running the protocol.,N/A,Build time not reported.,N/A,no
82,Real-time AI-driven quality control for laboratory automation: a novel computer vision solution for the opentrons OT-2 liquid handling robot,10.1007/s10489-025-06334-3,Liquid Handling,/Users/iyakavets/Documents/Github/dyi-biofabrication/downloaded_papers/082_Real-time_AI-driven_quality_control_for_laboratory_automation_a_novel_computer_vision_solution_for_the_opentro.pdf,3,"Vision volume estimation validated only over 50-270 uL (3.4% mean error, 95% accuracy) with P20 tips imaged at 10/20 uL; sub-10 uL capability is the host OT-2 and unmeasured.",5,"Host OT-2 8-channel arm imaged with all eight tips and mapped across a 12x8 96-well plate, a parallel multi-tip head, though channels are not independently controlled.",3,Part sourcing complexity not explicit; assigned moderate default.,2,Multiple advanced technical skills appear required.,3,Requires accessible but nontrivial lab/maker equipment.,4,Presented as modular or usable across multiple workflows.,3,Some open documentation or files are available.,3,"50 live runs, 100 volume tests, mAP@50 of 0.995, 98% missing-tip accuracy and regression calibration, but Table 5 compares only to a prior YOLOv5 paper, not a conventional or manual benchmark.",3,"Only 1.1 s/frame versus 8 s for the prior AI method; no timing comparison reported against manual pipetting or a commercial handler, and vision adds per-step overhead.",N/A,Build time not reported.,N/A,yes
85,Deep integration of low-cost liquid handling robots in an industrial pharmaceutical development environment,10.1016/j.slast.2024.100180,Liquid Handling,/Users/iyakavets/Documents/Github/dyi-biofabrication/pdfs/085_Deep_integration_of_low-cost_liquid_handling_robots_in_an_industrial_pharmaceutical_development_environment.pdf,3,"Only pipette-head sizes given (20 uL and 300 uL) with no dispense volumes, accuracy or precision-versus-volume data; resolution is inherited from stock commercial OT-2 hardware.",4,"MetID assay used 20 uL and 300 uL 8-channel heads plus unattended orchestrated runs, though 8-tip parallelism is never quantified and authors stress low-throughput assays only.",3,Mix of common parts and custom/printed components.,4,Build/operation described as low-skill or basic assembly.,4,Uses common benchtop/desktop equipment or generic consumables.,4,Presented as modular or usable across multiple workflows.,3,Some open documentation or files are available.,3,"Manual-versus-automated MetID benchmark (ICC 0.998, CV under one-third of manual) but at a single assay condition, with no multi-volume accuracy, drift or carryover testing.",4,"Automation reduces hands-on time by 30 min per assay, halving labour cost per sample versus manual; the gain is hands-on rather than wall-clock cycle time.",N/A,Build time not reported.,N/A (uses OT-2 base),no
88,"PyLabRobot: An open-source, hardware-agnostic interface for liquid-handling robots and accessories",10.1016/j.device.2023.100111,Liquid Handling (code),/Users/iyakavets/Documents/Github/dyi-biofabrication/pdfs/088_PyLabRobot_An_open-source_hardware-agnostic_interface_for_liquid-handling_robots_and_accessories.pdf,3,"Software only; volumes appear solely as code examples (20-240 uL) with no accuracy, precision or flow-rate measurement. Resolution is entirely determined by host Hamilton/Tecan/Opentrons hardware.",4,"Per-channel Aspiration objects plus aspirate96/dispense96 for the CoRe-96 head give independently controlled channels, but there is no quantitative multi-channel throughput demonstration on hardware.",3,Mix of common parts and custom/printed components.,4,Build/operation described as low-skill or basic assembly.,2,"Requires specialized facilities, equipment, or consumables.",4,Presented as modular or usable across multiple workflows.,4,Open resources include several build or operation artifacts.,2,"Validation is unit tests, a simulator and demos, and Table 1 is a feature-comparison table rather than a benchmark; no volumetric accuracy data, though a calibration tool is provided.",3,"No timing comparison reported; only qualitative claims of faster debugging and iteration versus proprietary interfaces, with no measured protocol or pipetting times.",N/A,Build time not reported.,N/A,yes
95,Development of a Robotic System for Automatic Organic Chemistry Synthesis,10.1109/tase.2020.3036055,Liquid Handling,/Users/iyakavets/Documents/Github/dyi-biofabrication/pdfs/095_Development_of_a_Robotic_System_for_Automatic_Organic_Chemistry_Synthesis.pdf,3,"100 uL glass syringe at 1/16 microstep with the only demonstrated draw being 10 uL in 1 s; accuracy figures (+/-1%/+/-5%) are cited from prior papers, never measured here.",3,"One syringe pump serving one vial at a time, acetone-flushed five times between reagents; completes the whole Michael-reaction workflow to GCMS unattended but with no parallel fluid paths.",3,Part sourcing complexity not explicit; assigned moderate default.,2,Multiple advanced technical skills appear required.,3,Requires accessible but nontrivial lab/maker equipment.,4,Presented as modular or usable across multiple workflows.,3,Some open documentation or files are available.,2,"No volumetric accuracy, precision or calibration data for their own pump; the only evidence is two runs across two batches of reaction yield (27% and 34%).",3,No timing comparison against the human chemists (only yields compared); run times of 30/31.5 min with internal-only comparisons.,N/A,Build time not reported.,N/A,no
101,Analytical Measurements and Efficient Process Generation Using a Dual–Arm Robot Equipped with Electronic Pipettes,10.3390/en11102567,Liquid Handling,/Users/iyakavets/Documents/Github/dyi-biofabrication/downloaded_papers/101_Analytical_Measurements_and_Efficient_Process_Generation_Using_a_DualArm_Robot_Equipped_with_Electronic_Pipett.pdf,4,"Electronic pipettes span 5-200 uL and 50-1000 uL, so a 5 uL minimum; 100 uL gave a 95.42 uL mean at 3.79% CV, not sub-uL.",3,"One pipette on one arm forming a single channel, 12 vials per run; dual-pipette parallel operation is explicitly future work rather than demonstrated.",4,Mostly off-the-shelf or kit-based components.,2,Multiple advanced technical skills appear required.,3,Requires accessible but nontrivial lab/maker equipment.,4,Presented as modular or usable across multiple workflows.,2,Open build documentation is not clearly identified.,4,"Gravimetric n=12 at 100 uL and 1300 uL with a direct head-to-head comparison against conventional manual pipettes on the same robot; water only, no drift or carryover testing.",3,"Total process 11.1 min with electronic versus 12.2 min with manual pipettes (~9% faster, within +/-20%); per-step pipetting is actually 25 s versus 8 s.",N/A,Build time not reported.,N/A,yes
1,"A programmable, open-source robot that scratches cultured tissues to investigate cell migration, healing, and tissue sculpting",10.1016/j.crmeth.2024.100915,Bionics & Prosthetics,/Users/iyakavets/Documents/Github/dyi-biofabrication/pdfs/001_A_programmable_open-source_robot_that_scratches_cultured_tissues_to_investigate_cell_migration_healing_and_tissue_sculpting.pdf,N/A,Paper is outside the rubric's bioprinting/liquid-handling/microfabrication types.,N/A,Paper is outside the rubric's bioprinting/liquid-handling/microfabrication types.,N/A,Paper is outside the rubric's bioprinting/liquid-handling/microfabrication types.,N/A,Paper is outside the rubric's bioprinting/liquid-handling/microfabrication types.,N/A,Paper is outside the rubric's bioprinting/liquid-handling/microfabrication types.,N/A,Paper is outside the rubric's bioprinting/liquid-handling/microfabrication types.,N/A,Paper is outside the rubric's bioprinting/liquid-handling/microfabrication types.,N/A,Paper is outside the rubric's bioprinting/liquid-handling/microfabrication types.,N/A,Paper is outside the rubric's bioprinting/liquid-handling/microfabrication types.,N/A,Paper is outside the rubric's bioprinting/liquid-handling/microfabrication types.,,no
2,LibEMG: An Open Source Library to Facilitate the Exploration of Myoelectric Control,10.1109/access.2023.3304544,Bionics & Prosthetics,/Users/iyakavets/Documents/Github/dyi-biofabrication/pdfs/002_LibEMG_An_Open_Source_Library_to_Facilitate_the_Exploration_of_Myoelectric_Control.pdf,N/A,Paper is outside the rubric's bioprinting/liquid-handling/microfabrication types.,N/A,Paper is outside the rubric's bioprinting/liquid-handling/microfabrication types.,N/A,Paper is outside the rubric's bioprinting/liquid-handling/microfabrication types.,N/A,Paper is outside the rubric's bioprinting/liquid-handling/microfabrication types.,N/A,Paper is outside the rubric's bioprinting/liquid-handling/microfabrication types.,N/A,Paper is outside the rubric's bioprinting/liquid-handling/microfabrication types.,N/A,Paper is outside the rubric's bioprinting/liquid-handling/microfabrication types.,N/A,Paper is outside the rubric's bioprinting/liquid-handling/microfabrication types.,N/A,Paper is outside the rubric's bioprinting/liquid-handling/microfabrication types.,N/A,Paper is outside the rubric's bioprinting/liquid-handling/microfabrication types.,,no
3,"A 3D Printed, Bionic Hand Powered by EMG Signals and Controlled by an Online Neural Network",10.3390/biomimetics8020255,Bionics & Prosthetics,/Users/iyakavets/Documents/Github/dyi-biofabrication/downloaded_papers/003_A_3D_Printed_Bionic_Hand_Powered_by_EMG_Signals_and_Controlled_by_an_Online_Neural_Network.pdf,N/A,Paper is outside the rubric's bioprinting/liquid-handling/microfabrication types.,N/A,Paper is outside the rubric's bioprinting/liquid-handling/microfabrication types.,N/A,Paper is outside the rubric's bioprinting/liquid-handling/microfabrication types.,N/A,Paper is outside the rubric's bioprinting/liquid-handling/microfabrication types.,N/A,Paper is outside the rubric's bioprinting/liquid-handling/microfabrication types.,N/A,Paper is outside the rubric's bioprinting/liquid-handling/microfabrication types.,N/A,Paper is outside the rubric's bioprinting/liquid-handling/microfabrication types.,N/A,Paper is outside the rubric's bioprinting/liquid-handling/microfabrication types.,N/A,Paper is outside the rubric's bioprinting/liquid-handling/microfabrication types.,N/A,Paper is outside the rubric's bioprinting/liquid-handling/microfabrication types.,,no
4,"A 3D Printed, Bionic Hand Powered by EMG Signals and Controlled by an Online Neural Network",10.1371/journal.pone.0232766,Bionics & Prosthetics,/Users/iyakavets/Documents/Github/dyi-biofabrication/downloaded_papers/004_A_practical_3D-printed_soft_robotic_prosthetic_hand_with_multi-articulating_capabilities.pdf,N/A,Paper is outside the rubric's bioprinting/liquid-handling/microfabrication types.,N/A,Paper is outside the rubric's bioprinting/liquid-handling/microfabrication types.,N/A,Paper is outside the rubric's bioprinting/liquid-handling/microfabrication types.,N/A,Paper is outside the rubric's bioprinting/liquid-handling/microfabrication types.,N/A,Paper is outside the rubric's bioprinting/liquid-handling/microfabrication types.,N/A,Paper is outside the rubric's bioprinting/liquid-handling/microfabrication types.,N/A,Paper is outside the rubric's bioprinting/liquid-handling/microfabrication types.,N/A,Paper is outside the rubric's bioprinting/liquid-handling/microfabrication types.,N/A,Paper is outside the rubric's bioprinting/liquid-handling/microfabrication types.,N/A,Paper is outside the rubric's bioprinting/liquid-handling/microfabrication types.,,no
5,Machine-Learning-Based Muscle Control of a 3D-Printed Bionic Arm,10.3390/s20113144,Bionics & Prosthetics,/Users/iyakavets/Documents/Github/dyi-biofabrication/downloaded_papers/005_Machine-Learning-Based_Muscle_Control_of_a_3D-Printed_Bionic_Arm.pdf,N/A,Paper is outside the rubric's bioprinting/liquid-handling/microfabrication types.,N/A,Paper is outside the rubric's bioprinting/liquid-handling/microfabrication types.,N/A,Paper is outside the rubric's bioprinting/liquid-handling/microfabrication types.,N/A,Paper is outside the rubric's bioprinting/liquid-handling/microfabrication types.,N/A,Paper is outside the rubric's bioprinting/liquid-handling/microfabrication types.,N/A,Paper is outside the rubric's bioprinting/liquid-handling/microfabrication types.,N/A,Paper is outside the rubric's bioprinting/liquid-handling/microfabrication types.,N/A,Paper is outside the rubric's bioprinting/liquid-handling/microfabrication types.,N/A,Paper is outside the rubric's bioprinting/liquid-handling/microfabrication types.,N/A,Paper is outside the rubric's bioprinting/liquid-handling/microfabrication types.,,no
6,3D Printed Robot Hand Structure Using Four-Bar Linkage Mechanism for Prosthetic Application,10.3390/s20154174,Bionics & Prosthetics,/Users/iyakavets/Documents/Github/dyi-biofabrication/downloaded_papers/006_3D_Printed_Robot_Hand_Structure_Using_Four-Bar_Linkage_Mechanism_for_Prosthetic_Application.pdf,N/A,Paper is outside the rubric's bioprinting/liquid-handling/microfabrication types.,N/A,Paper is outside the rubric's bioprinting/liquid-handling/microfabrication types.,N/A,Paper is outside the rubric's bioprinting/liquid-handling/microfabrication types.,N/A,Paper is outside the rubric's bioprinting/liquid-handling/microfabrication types.,N/A,Paper is outside the rubric's bioprinting/liquid-handling/microfabrication types.,N/A,Paper is outside the rubric's bioprinting/liquid-handling/microfabrication types.,N/A,Paper is outside the rubric's bioprinting/liquid-handling/microfabrication types.,N/A,Paper is outside the rubric's bioprinting/liquid-handling/microfabrication types.,N/A,Paper is outside the rubric's bioprinting/liquid-handling/microfabrication types.,N/A,Paper is outside the rubric's bioprinting/liquid-handling/microfabrication types.,,no
7,"Implementation of 3D Printing Technology in the Field of Prosthetics: Past, Present, and Future",10.3390/ijerph16091641,Bionics & Prosthetics,/Users/iyakavets/Documents/Github/dyi-biofabrication/downloaded_papers/007_Implementation_of_3D_Printing_Technology_in_the_Field_of_Prosthetics_Past_Present_and_Future.pdf,N/A,Paper is outside the rubric's bioprinting/liquid-handling/microfabrication types.,N/A,Paper is outside the rubric's bioprinting/liquid-handling/microfabrication types.,N/A,Paper is outside the rubric's bioprinting/liquid-handling/microfabrication types.,N/A,Paper is outside the rubric's bioprinting/liquid-handling/microfabrication types.,N/A,Paper is outside the rubric's bioprinting/liquid-handling/microfabrication types.,N/A,Paper is outside the rubric's bioprinting/liquid-handling/microfabrication types.,N/A,Paper is outside the rubric's bioprinting/liquid-handling/microfabrication types.,N/A,Paper is outside the rubric's bioprinting/liquid-handling/microfabrication types.,N/A,Paper is outside the rubric's bioprinting/liquid-handling/microfabrication types.,N/A,Paper is outside the rubric's bioprinting/liquid-handling/microfabrication types.,,no
8,Low-cost sensor-integrated 3D-printed personalized prosthetic hands for children with amniotic band syndrome: A case study in sensing pressure distribution on an anatomical human-machine interface (AHMI) using 3D-printed conformal electrode arrays,10.1371/journal.pone.0214120,Bionics & Prosthetics,/Users/iyakavets/Documents/Github/dyi-biofabrication/downloaded_papers/008_Low-cost_sensor-integrated_3D-printed_personalized_prosthetic_hands_for_children_with_amniotic_band_syndrome_A.pdf,N/A,Paper is outside the rubric's bioprinting/liquid-handling/microfabrication types.,N/A,Paper is outside the rubric's bioprinting/liquid-handling/microfabrication types.,N/A,Paper is outside the rubric's bioprinting/liquid-handling/microfabrication types.,N/A,Paper is outside the rubric's bioprinting/liquid-handling/microfabrication types.,N/A,Paper is outside the rubric's bioprinting/liquid-handling/microfabrication types.,N/A,Paper is outside the rubric's bioprinting/liquid-handling/microfabrication types.,N/A,Paper is outside the rubric's bioprinting/liquid-handling/microfabrication types.,N/A,Paper is outside the rubric's bioprinting/liquid-handling/microfabrication types.,N/A,Paper is outside the rubric's bioprinting/liquid-handling/microfabrication types.,N/A,Paper is outside the rubric's bioprinting/liquid-handling/microfabrication types.,,no
9,3D printed bionic prosthetic hands,10.1109/ecmsm.2017.7945898,Bionics & Prosthetics,/Users/iyakavets/Documents/Github/dyi-biofabrication/pdfs/009_3D_printed_bionic_prosthetic_hands.pdf,N/A,Paper is outside the rubric's bioprinting/liquid-handling/microfabrication types.,N/A,Paper is outside the rubric's bioprinting/liquid-handling/microfabrication types.,N/A,Paper is outside the rubric's bioprinting/liquid-handling/microfabrication types.,N/A,Paper is outside the rubric's bioprinting/liquid-handling/microfabrication types.,N/A,Paper is outside the rubric's bioprinting/liquid-handling/microfabrication types.,N/A,Paper is outside the rubric's bioprinting/liquid-handling/microfabrication types.,N/A,Paper is outside the rubric's bioprinting/liquid-handling/microfabrication types.,N/A,Paper is outside the rubric's bioprinting/liquid-handling/microfabrication types.,N/A,Paper is outside the rubric's bioprinting/liquid-handling/microfabrication types.,N/A,Paper is outside the rubric's bioprinting/liquid-handling/microfabrication types.,,no
10,System for the experimental evaluation of anthropomorphic hands. Application to a new 3D-printed prosthetic hand prototype,10.1080/23335432.2017.1364666,Bionics & Prosthetics,/Users/iyakavets/Documents/Github/dyi-biofabrication/pdfs/010_System_for_the_experimental_evaluation_of_anthropomorphic_hands._Application_to_a_new_3D-printed_prosthetic_hand_prototype.pdf,N/A,Paper is outside the rubric's bioprinting/liquid-handling/microfabrication types.,N/A,Paper is outside the rubric's bioprinting/liquid-handling/microfabrication types.,N/A,Paper is outside the rubric's bioprinting/liquid-handling/microfabrication types.,N/A,Paper is outside the rubric's bioprinting/liquid-handling/microfabrication types.,N/A,Paper is outside the rubric's bioprinting/liquid-handling/microfabrication types.,N/A,Paper is outside the rubric's bioprinting/liquid-handling/microfabrication types.,N/A,Paper is outside the rubric's bioprinting/liquid-handling/microfabrication types.,N/A,Paper is outside the rubric's bioprinting/liquid-handling/microfabrication types.,N/A,Paper is outside the rubric's bioprinting/liquid-handling/microfabrication types.,N/A,Paper is outside the rubric's bioprinting/liquid-handling/microfabrication types.,,no
14,Exploiting open source 3D printer architecture for laboratory robotics to automate high-throughput time-lapse imaging for analytical microbiology,10.1371/journal.pone.0224878,Microfabrication,/Users/iyakavets/Documents/Github/dyi-biofabrication/downloaded_papers/014_Exploiting_open_source_3D_printer_architecture_for_laboratory_robotics_to_automate_high-throughput_time-lapse_.pdf,4,Smallest feature/positioning evidence about 12.6 um.,4,"Evidence of parallel, plate-scale, multi-head, or unattended operation.",3,Mix of common parts and custom/printed components.,4,Build/operation described as low-skill or basic assembly.,2,"Requires specialized facilities, equipment, or consumables.",4,Presented as modular or usable across multiple workflows.,3,Some open documentation or files are available.,4,"Validation includes standards, benchmarking, replicates, or multi-condition tests.",4,"Speed evidence suggests rapid, real-time, or automated operation.",N/A,Build time not reported.,,no
15,3D printing and milling a real-time PCR device for infectious disease diagnostics,10.1371/journal.pone.0179133,Bioprinting,/Users/iyakavets/Documents/Github/dyi-biofabrication/downloaded_papers/015_3D_printing_and_milling_a_real-time_PCR_device_for_infectious_disease_diagnostics.pdf,N/A,No clear feature-size or precision evidence found.,3,"Moderate scalability via modularity, batching, or partial automation.",3,Mix of common parts and custom/printed components.,4,Build/operation described as low-skill or basic assembly.,3,Requires accessible but nontrivial lab/maker equipment.,2,Application scope appears narrow or proof-of-concept.,3,Some open documentation or files are available.,4,"Validation includes standards, benchmarking, replicates, or multi-condition tests.",4,"Speed evidence suggests rapid, real-time, or automated operation.",5,Build/setup evidence indicates same-day or <4 h setup.,,no
30,"Designing Cost-Effective, Open-Source, Multi-Head Bioprinters via Conversion of Hobby-Grade 3D Printers",10.1101/2022.03.24.483055,Bioprinting,/Users/iyakavets/Documents/Github/dyi-biofabrication/downloaded_papers/030_Designing_Cost-Effective_Open-Source_Multi-Head_Bioprinters_via_Conversion_of_Hobby-Grade_3D_Printers.pdf,N/A,No clear feature-size or precision evidence found.,4,"Evidence of parallel, plate-scale, multi-head, or unattended operation.",3,Mix of common parts and custom/printed components.,4,Build/operation described as low-skill or basic assembly.,2,"Requires specialized facilities, equipment, or consumables.",4,Presented as modular or usable across multiple workflows.,3,Some open documentation or files are available.,4,"Validation includes standards, benchmarking, replicates, or multi-condition tests.",4,"Speed evidence suggests rapid, real-time, or automated operation.",N/A,Build time not reported.,,no
35,"Low-Cost, Modular Modification to a Desktop 3D Printer for General Purpose Gel/Paste Extrusion &amp; Direct Ink Writing",10.1101/2021.03.10.434735,Bioprinting,/Users/iyakavets/Documents/Github/dyi-biofabrication/downloaded_papers/035_Low-Cost_Modular_Modification_to_a_Desktop_3D_Printer_for_General_Purpose_GelPaste_Extrusion_amp_Direct_Ink_Wr.pdf,N/A,No clear feature-size or precision evidence found.,3,"Moderate scalability via modularity, batching, or partial automation.",3,Mix of common parts and custom/printed components.,4,Build/operation described as low-skill or basic assembly.,4,Uses common benchtop/desktop equipment or generic consumables.,4,Presented as modular or usable across multiple workflows.,4,Open resources include several build or operation artifacts.,4,"Validation includes standards, benchmarking, replicates, or multi-condition tests.",2,Cycle time appears slower or hours-scale.,N/A,Build time not reported.,,no
48,PrintrLab incubator: A portable and low-cost CO2 incubator based on an open-source 3D printer architecture,10.1371/journal.pone.0251812,Bioprinting,/Users/iyakavets/Documents/Github/dyi-biofabrication/downloaded_papers/048_PrintrLab_incubator_A_portable_and_low-cost_CO2_incubator_based_on_an_open-source_3D_printer_architecture.pdf,1,Smallest feature/positioning evidence about 4000 um.,2,Operation appears single-unit or manually constrained.,4,Mostly off-the-shelf or kit-based components.,4,Build/operation described as low-skill or basic assembly.,4,Uses common benchtop/desktop equipment or generic consumables.,4,Presented as modular or usable across multiple workflows.,3,Some open documentation or files are available.,4,"Validation includes standards, benchmarking, replicates, or multi-condition tests.",4,"Speed evidence suggests rapid, real-time, or automated operation.",N/A,Build time not reported.,,no
50,Automating hESC differentiation with 3D printing and legacy liquid handling solutions,10.1016/j.mex.2016.10.005,Liquid Handling,/Users/iyakavets/Documents/Github/dyi-biofabrication/pdfs/050_Automating_hESC_differentiation_with_3D_printing_and_legacy_liquid_handling_solutions.pdf,1,Minimum volume evidence about 35000 uL.,4,"Evidence of parallel, plate-scale, multi-head, or unattended operation.",3,Mix of common parts and custom/printed components.,4,Build/operation described as low-skill or basic assembly.,3,Requires accessible but nontrivial lab/maker equipment.,4,Presented as modular or usable across multiple workflows.,3,Some open documentation or files are available.,4,"Validation includes standards, benchmarking, replicates, or multi-condition tests.",4,"Speed evidence suggests rapid, real-time, or automated operation.",N/A,Build time not reported.,~$100 (used robot) + parts,no
52,Teach your microscope how to print: low-cost and rapid-iteration microfabrication for biology,10.1039/d5lc00181a,Imaging/Microscopy,/Users/iyakavets/Documents/Github/dyi-biofabrication/pdfs/052_Teach_your_microscope_how_to_print_low-cost_and_rapid-iteration_microfabrication_for_biology.pdf,5,Smallest feature/positioning evidence about 1 um.,4,"Evidence of parallel, plate-scale, multi-head, or unattended operation.",4,Mostly off-the-shelf or kit-based components.,4,Build/operation described as low-skill or basic assembly.,4,Uses common benchtop/desktop equipment or generic consumables.,4,Presented as modular or usable across multiple workflows.,3,Some open documentation or files are available.,4,"Validation includes standards, benchmarking, replicates, or multi-condition tests.",4,"Speed evidence suggests rapid, real-time, or automated operation.",5,Build/setup evidence indicates same-day or <4 h setup.,,yes
53,Open-source microscope add-on for structured illumination microscopy,10.1038/s41467-024-45567-7,Imaging/Microscopy,/Users/iyakavets/Documents/Github/dyi-biofabrication/downloaded_papers/053_Open-source_microscope_add-on_for_structured_illumination_microscopy.pdf,N/A,No clear feature-size or precision evidence found.,3,"Moderate scalability via modularity, batching, or partial automation.",4,Mostly off-the-shelf or kit-based components.,2,Multiple advanced technical skills appear required.,4,Uses common benchtop/desktop equipment or generic consumables.,2,Application scope appears narrow or proof-of-concept.,3,Some open documentation or files are available.,4,"Validation includes standards, benchmarking, replicates, or multi-condition tests.",N/A,No clear speed comparison found,N/A,Build time not reported.,,no
54,Entomoscope: An Open-Source Photomicroscope for Biodiversity Discovery,10.1109/access.2024.3355272,Imaging/Microscopy,/Users/iyakavets/Documents/Github/dyi-biofabrication/downloaded_papers/054_Entomoscope_An_Open-Source_Photomicroscope_for_Biodiversity_Discovery.pdf,N/A,No clear feature-size or precision evidence found.,3,"Moderate scalability via modularity, batching, or partial automation.",4,Mostly off-the-shelf or kit-based components.,4,Build/operation described as low-skill or basic assembly.,3,Equipment requirements not explicit; assigned moderate default.,2,Application scope appears narrow or proof-of-concept.,3,Some open documentation or files are available.,4,"Validation includes standards, benchmarking, replicates, or multi-condition tests.",4,"Speed evidence suggests rapid, real-time, or automated operation.",N/A,Build time not reported.,,no
55,Developing the OpenFlexure Microscope towards medical use: technical and social challenges of developing globally accessible hardware for healthcare,10.1098/rsta.2023.0257,Imaging/Microscopy,/Users/iyakavets/Documents/Github/dyi-biofabrication/pdfs/055_Developing_the_OpenFlexure_Microscope_towards_medical_use_technical_and_social_challenges_of_developing_globally_accessible_hardware_for_healthcare.pdf,N/A,No clear feature-size or precision evidence found.,3,"Moderate scalability via modularity, batching, or partial automation.",3,Part sourcing complexity not explicit; assigned moderate default.,4,Build/operation described as low-skill or basic assembly.,3,Equipment requirements not explicit; assigned moderate default.,4,Presented as modular or usable across multiple workflows.,3,Some open documentation or files are available.,4,"Validation includes standards, benchmarking, replicates, or multi-condition tests.",4,"Speed evidence suggests rapid, real-time, or automated operation.",N/A,Build time not reported.,,no
56,An open-source combined atomic force microscope and optical microscope for mechanobiology studies,10.1016/j.heliyon.2024.e38214,Imaging/Microscopy,/Users/iyakavets/Documents/Github/dyi-biofabrication/pdfs/056_An_open-source_combined_atomic_force_microscope_and_optical_microscope_for_mechanobiology_studies.pdf,3,"Quantitative handling accuracy reported, but minimum volume unclear.",4,"Evidence of parallel, plate-scale, multi-head, or unattended operation.",3,Mix of common parts and custom/printed components.,4,Build/operation described as low-skill or basic assembly.,3,Requires accessible but nontrivial lab/maker equipment.,4,Presented as modular or usable across multiple workflows.,3,Some open documentation or files are available.,4,"Validation includes standards, benchmarking, replicates, or multi-condition tests.",N/A,No clear speed comparison found,N/A,Build time not reported.,,no
57,An open-source alignment method for multichannel infinite-conjugate microscopes using a ray transfer matrix analysis model,10.1098/rsta.2023.0107,Imaging/Microscopy,/Users/iyakavets/Documents/Github/dyi-biofabrication/pdfs/057_An_open-source_alignment_method_for_multichannel_infinite-conjugate_microscopes_using_a_ray_transfer_matrix_analysis_model.pdf,3,Smallest feature/positioning evidence about 170 um.,4,"Evidence of parallel, plate-scale, multi-head, or unattended operation.",3,Mix of common parts and custom/printed components.,2,Multiple advanced technical skills appear required.,3,Equipment requirements not explicit; assigned moderate default.,2,Application scope appears narrow or proof-of-concept.,2,Open build documentation is not clearly identified.,3,Quantitative validation/calibration evidence is present.,N/A,No clear speed comparison found,N/A,Build time not reported.,,no
58,Rapid Bacterial Motility Monitoring Using Inexpensive 3D-Printed OpenFlexure Microscopy Allows Microfluidic Antibiotic Susceptibility Testing,10.3390/mi13111974,Imaging/Microscopy,/Users/iyakavets/Documents/Github/dyi-biofabrication/downloaded_papers/058_Rapid_Bacterial_Motility_Monitoring_Using_Inexpensive_3D-Printed_OpenFlexure_Microscopy_Allows_Microfluidic_An.pdf,2,Smallest feature/positioning evidence about 200 um.,4,"Evidence of parallel, plate-scale, multi-head, or unattended operation.",3,Mix of common parts and custom/printed components.,4,Build/operation described as low-skill or basic assembly.,3,Requires accessible but nontrivial lab/maker equipment.,2,Application scope appears narrow or proof-of-concept.,4,Open resources include several build or operation artifacts.,4,"Validation includes standards, benchmarking, replicates, or multi-condition tests.",4,"Speed evidence suggests rapid, real-time, or automated operation.",N/A,Build time not reported.,,no
59,A low-cost 3D printed microfluidic bioreactor and imaging chamber for live-organoid imaging,10.1063/5.0041027,Imaging/Microscopy,/Users/iyakavets/Documents/Github/dyi-biofabrication/pdfs/059_A_low-cost_3D_printed_microfluidic_bioreactor_and_imaging_chamber_for_live-organoid_imaging.pdf,N/A,N/A,2,Operation appears single-unit or manually constrained.,3,Mix of common parts and custom/printed components.,4,Build/operation described as low-skill or basic assembly.,4,Uses common benchtop/desktop equipment or generic consumables.,2,Application scope appears narrow or proof-of-concept.,3,Some open documentation or files are available.,4,"Validation includes standards, benchmarking, replicates, or multi-condition tests.",N/A,No clear speed comparison found,N/A,Build time not reported.,,no
60,The incubot: A 3D printer-based microscope for long-term live cell imaging within a tissue culture incubator,10.1016/j.ohx.2021.e00189,Imaging/Microscopy,/Users/iyakavets/Documents/Github/dyi-biofabrication/pdfs/060_The_incubot_A_3D_printer-based_microscope_for_long-term_live_cell_imaging_within_a_tissue_culture_incubator.pdf,2,Smallest feature/positioning evidence about 855 um.,3,"Moderate scalability via modularity, batching, or partial automation.",3,Mix of common parts and custom/printed components.,4,Build/operation described as low-skill or basic assembly.,3,Requires accessible but nontrivial lab/maker equipment.,2,Application scope appears narrow or proof-of-concept.,3,Some open documentation or files are available.,4,"Validation includes standards, benchmarking, replicates, or multi-condition tests.",4,"Speed evidence suggests rapid, real-time, or automated operation.",N/A,Build time not reported.,,no
61,Simplifying the OpenFlexure microscope software with the web of things,10.1098/rsos.211158,Imaging/Microscopy,/Users/iyakavets/Documents/Github/dyi-biofabrication/pdfs/061_Simplifying_the_OpenFlexure_microscope_software_with_the_web_of_things.pdf,N/A,No clear feature-size or precision evidence found.,3,"Moderate scalability via modularity, batching, or partial automation.",3,Mix of common parts and custom/printed components.,4,Build/operation described as low-skill or basic assembly.,2,"Requires specialized facilities, equipment, or consumables.",4,Presented as modular or usable across multiple workflows.,3,Some open documentation or files are available.,4,"Validation includes standards, benchmarking, replicates, or multi-condition tests.",4,"Speed evidence suggests rapid, real-time, or automated operation.",N/A,Build time not reported.,,no
62,The OpenFlexure Project. The technical challenges of Co-Developing a microscope in the UK and Tanzania,10.1109/ghtc46280.2020.9342860,Imaging/Microscopy,/Users/iyakavets/Documents/Github/dyi-biofabrication/downloaded_papers/062_The_OpenFlexure_Project._The_technical_challenges_of_Co-Developing_a_microscope_in_the_UK_and_Tanzania.pdf,N/A,No clear feature-size or precision evidence found.,4,"Evidence of parallel, plate-scale, multi-head, or unattended operation.",3,Mix of common parts and custom/printed components.,4,Build/operation described as low-skill or basic assembly.,4,Uses common benchtop/desktop equipment or generic consumables.,3,"Validated for intended use, but broad generality is unclear.",4,Open resources include several build or operation artifacts.,4,"Validation includes standards, benchmarking, replicates, or multi-condition tests.",N/A,No clear speed comparison found,N/A,Build time not reported.,,no
63,Democratizing self-driving labs: advances in low-cost 3D printing for laboratory automation,10.1039/d4dd00411f,Bioprinting,/Users/iyakavets/Documents/Github/dyi-biofabrication/pdfs/063_Democratizing_self-driving_labs_advances_in_low-cost_3D_printing_for_laboratory_automation.pdf,N/A,No clear feature-size or precision evidence found.,4,"Evidence of parallel, plate-scale, multi-head, or unattended operation.",4,Mostly off-the-shelf or kit-based components.,4,Build/operation described as low-skill or basic assembly.,2,"Requires specialized facilities, equipment, or consumables.",4,Presented as modular or usable across multiple workflows.,3,Some open documentation or files are available.,4,"Validation includes standards, benchmarking, replicates, or multi-condition tests.",4,"Speed evidence suggests rapid, real-time, or automated operation.",N/A,Build time not reported.,,no
68,An open-source automated PEG precipitation assay to measure the relative solubility of proteins with low material requirement,10.1038/s41598-021-01126-4,Liquid Handling,/Users/iyakavets/Documents/Github/dyi-biofabrication/downloaded_papers/068_An_open-source_automated_PEG_precipitation_assay_to_measure_the_relative_solubility_of_proteins_with_low_mater.pdf,5,Transfers as small as 0.33 uL of highly viscous 50% PEG with ~0.8% median error in final concentration into 10 uL wells; hardware is the host OT-2 with tuned aspirate/dispense speeds.,3,"Single-channel pipettes only, one 384-well plate giving 36 data points per protein per 70 min run; the 8-fold multichannel gain is projected, never demonstrated.",3,Mix of common parts and custom/printed components.,4,Build/operation described as low-skill or basic assembly.,3,Equipment requirements not explicit; assigned moderate default.,4,Presented as modular or usable across multiple workflows.,3,Some open documentation or files are available.,3,"Fluorophore linearity across 0-33% PEG, four proteins (14-150 kDa), multiple pH values, independent runs on different days, bootstrap CIs and readout comparison, but no conventional or manual benchmark run.",3,"Absolute times only (70 min setup, 45 min supernatant transfer, 48 h incubation); no timing comparison reported against manual PEG titration.",N/A,Build time not reported.,N/A,no
83,"Automation of biochemical assays using an open-sourced, inexpensive robotic liquid handler",10.1016/j.slast.2024.100205,Liquid Handling,/Users/iyakavets/Documents/Github/dyi-biofabrication/pdfs/083_Automation_of_biochemical_assays_using_an_open-sourced_inexpensive_robotic_liquid_handler.pdf,4,"Artel MVS at 10 uL gave 1.30% inaccuracy and 0.78% CV on the P20 8-channel; Table 2 shows 1 uL degrading to 15-20% accuracy, so the reliable floor is ~10 uL.",5,8-channel P20 and P300 heads used for both assays with all eight channels individually verified across two mounts; deck space limits plate count and plate-reader transfer is manual.,4,Mostly off-the-shelf or kit-based components.,4,Build/operation described as low-skill or basic assembly.,4,Uses common benchtop/desktop equipment or generic consumables.,4,Presented as modular or usable across multiple workflows.,3,Some open documentation or files are available.,4,"Artel accuracy and precision at two volumes and two pipettes over three independent runs, plus an explicit Tecan EVO benchmark with all differences within +/-20%; no drift or carryover study.",4,"PicoGreen assay in 41 min versus 90-120 min manual (2.2-2.9x faster) and 35 min on a Tecan EVO, with analyst-engaged time of 15 min versus 90-120 min.",N/A,Build time not reported.,"<~$10,000 (base OT-2 platform)",no
86,Evaluation of microplate handling accuracy for applying robotic arms in laboratory automation,10.1016/j.slast.2024.100200,Liquid Handling,/Users/iyakavets/Documents/Github/dyi-biofabrication/pdfs/086_Evaluation_of_microplate_handling_accuracy_for_applying_robotic_arms_in_laboratory_automation.pdf,1,"No liquid dispensing whatsoever; the paper measures plate and lid positional repeatability (IQR 0.006-0.034 mm) and reports no volumes, flow rates or dispensing accuracy.",1,"A single Dobot M1 Pro arm moving one 96-well plate lid at a time, with no channels or fluid paths; it is purely a metrology bench study.",3,Mix of common parts and custom/printed components.,4,Build/operation described as low-skill or basic assembly.,3,Requires accessible but nontrivial lab/maker equipment.,4,Presented as modular or usable across multiple workflows.,3,Some open documentation or files are available.,3,"125 replicates per condition across two speeds, both x and y axes and an offset sweep of 1.80-2.30 mm, but only one robot and no benchmark against a conventional transfer method.",3,Two arm speeds (100% and 50%) compared only with each other; no timing comparison reported against manual or commercial plate handling.,N/A,Build time not reported.,N/A,no
113,"Utility of low-cost, miniaturized peristaltic and Venturi pumps in droplet microfluidics",10.1016/j.aca.2021.338230,Liquid Handling,/Users/iyakavets/Documents/Github/dyi-biofabrication/pdfs/113_Utility_of_low-cost_miniaturized_peristaltic_and_Venturi_pumps_in_droplet_microfluidics.pdf,5,Stable flow at 1.13% (peristaltic) and 1.81% (Venturi) RSD generating reproducible sub-uL droplets of 108-160 nL at 1.4-3.2% RSD.,3,"Single pull-mode flow source per device; multiple chip inlets are passively resistance-split, not independently controlled; continuous droplet stream monitored ~20 min.",3,Mix of common parts and custom/printed components.,4,Build/operation described as low-skill or basic assembly.,2,"Requires specialized facilities, equipment, or consumables.",4,Presented as modular or usable across multiple workflows.,3,Some open documentation or files are available.,4,"Head-to-head against a $1650 Chemyx syringe pump using a calibrated flow meter across the full flow range, two liquids, three chips, two applications.",3,Droplet rates matched the syringe pump (0.25 vs 0.23 Hz); authors concede syringe pumps remain more useful for faster droplet generation.,5,Build/setup evidence indicates same-day or <4 h setup.,~$80 (peristaltic pump) / ~$100 (Venturi pump),no
114,Spatially and optically tailored 3D printing for highly miniaturized and integrated microfluidics,10.1038/s41467-021-25788-w,Microfluidics,/Users/iyakavets/Documents/Github/dyi-biofabrication/downloaded_papers/114_Spatially_and_optically_tailored_3D_printing_for_highly_miniaturized_and_integrated_microfluidics.pdf,4,Smallest feature/positioning evidence about 15 um.,3,"Moderate scalability via modularity, batching, or partial automation.",3,Mix of common parts and custom/printed components.,2,Multiple advanced technical skills appear required.,2,"Requires specialized facilities, equipment, or consumables.",4,Presented as modular or usable across multiple workflows.,3,Some open documentation or files are available.,4,"Validation includes standards, benchmarking, replicates, or multi-condition tests.",4,"Speed evidence suggests rapid, real-time, or automated operation.",N/A,Build time not reported.,N/A,no
117,Functional 3D Printing for Microfluidic Chips,10.1002/admt.201900275,Microfluidics,/Users/iyakavets/Documents/Github/dyi-biofabrication/pdfs/117_Functional_3D_Printing_for_Microfluidic_Chips.pdf,3,"Quantitative handling accuracy reported, but minimum volume unclear.",4,"Evidence of parallel, plate-scale, multi-head, or unattended operation.",3,Mix of common parts and custom/printed components.,4,Build/operation described as low-skill or basic assembly.,3,Equipment requirements not explicit; assigned moderate default.,4,Presented as modular or usable across multiple workflows.,3,Some open documentation or files are available.,4,"Validation includes standards, benchmarking, replicates, or multi-condition tests.",4,"Speed evidence suggests rapid, real-time, or automated operation.",N/A,Build time not reported.,,no
11,LusoBioMaker: A low-cost 3D bioprinter with multi-extrusion and contour printing capabilities for thermo- and photocurable hydrogels towards complex tissue fabrication,10.1016/j.bprint.2025.e00425,Bioprinting,/Users/iyakavets/Documents/Github/dyi-biofabrication/pdfs/011_LusoBioMaker_A_low-cost_3D_bioprinter_with_multi-extrusion_and_contour_printing_capabilities_for_thermo-_and_photocurable_hydrogels_towards_complex_tissue_.pdf,3,Smallest feature/positioning evidence about 250-330 um.,2,Operation appears single-unit or manually constrained.,3,Mix of common parts and custom/printed components.,2,Multiple advanced technical skills appear required.,2,"Requires specialized facilities, equipment, or consumables.",4,Presented as modular or usable across multiple workflows.,3,Some open documentation or files are available.,4,"Validation includes standards, benchmarking, replicates, or multi-condition tests.",2,Cycle time appears slower.,N/A,Build time not reported.,830.19 (excluding the cost of the printer),yes
16,Srishti: a custom-built laser-assisted 3D bioprinter for fabricating high-resolution biological constructs,10.1186/s44330-025-00051-6,Bioprinting,/Users/iyakavets/Documents/Github/dyi-biofabrication/downloaded_papers/016_Srishti_a_custom-built_laser-assisted_3D_bioprinter_for_fabricating_high-resolution_biological_constructs.pdf,4,Smallest feature/positioning evidence about 58 um.,2,Operation appears single-unit or manually constrained.,3,Mix of common parts and custom/printed components.,2,Multiple advanced technical skills appear required.,2,"Requires specialized facilities, equipment, or consumables.",3,demonstrated printing of cell-laden constructs with limited functional validation,3,Some open documentation or files are available.,4,"Validation includes standards, benchmarking, replicates, or multi-condition tests.",3,Speed evidence suggests typical operation,N/A,Build time not reported.,N/A,yes
17,3D bioprinting of collagen-based high-resolution internally perfusable scaffolds for engineering fully biologic tissue systems,10.1126/sciadv.adu5905,Bioprinting,/Users/iyakavets/Documents/Github/dyi-biofabrication/pdfs/001_3D_bioprinting_of_collagen-based_high-resolution_internally_perfusable_scaffolds_for_engineering_fully_biologic_tissue_systems.pdf,3,Smallest feature/positioning evidence about 100 um.,3,"Moderate scalability via modularity, batching, or partial automation.",3,Mix of common parts and custom/printed components.,2,Multiple advanced technical skills appear required.,3,Requires accessible but nontrivial lab/maker equipment.,4,Presented as modular or usable across multiple workflows.,4,Open resources include several build or operation artifacts.,4,"Validation includes standards, benchmarking, replicates, or multi-condition tests.",4,"Speed evidence suggests rapid, real-time, or automated operation.",N/A,Build time not reported.,N/A,yes
18,"A Low‐Cost, Open‐Source 3D Printer for Multimaterial and High‐Throughput Direct Ink Writing of Soft and Living Materials",10.1002/adma.202414971,Bioprinting,/Users/iyakavets/Documents/Github/dyi-biofabrication/pdfs/008_A_Low-Cost_Open-Source_3D_Printer_for_Multimaterial_and_High-Throughput_Direct_Ink_Writing_of_Soft_and_Living_Materials.pdf,3,Smallest feature/positioning evidence about 100 um.,4,"Evidence of parallel, plate-scale, multi-head, or unattended operation.",4,Mostly off-the-shelf or kit-based components.,4,Build/operation described as low-skill or basic assembly.,3,Requires accessible but nontrivial lab/maker equipment.,4,Presented as modular or usable across multiple workflows.,5,"Provides a complete open-resource build guide enabling direct reproduction, including all design files, bill of materials, fabrication protocols, software/firmware, operating procedures, and user support resources",4,"Validation includes standards, benchmarking, replicates, or multi-condition tests.",4,"Speed evidence suggests rapid, real-time, or automated operation.",N/A,Build time not reported.,250,yes
19,An Open-Source 3D Bioprinter Using Direct Light Processing for Tissue Engineering Applications,10.3390/inventions10050092,Bioprinting,/Users/iyakavets/Documents/Github/dyi-biofabrication/downloaded_papers/019_An_Open-Source_3D_Bioprinter_Using_Direct_Light_Processing_for_Tissue_Engineering_Applications.pdf,4,Smallest feature/positioning evidence about 10.8 um.,4,"Evidence of parallel, plate-scale, multi-head, or unattended operation.",3,Mix of common parts and custom/printed components.,2,Multiple advanced technical skills appear required.,2,"Requires specialized facilities, equipment, or consumables.",4,Presented as modular or usable across multiple workflows.,3,Some open documentation or files are available.,4,"Validation includes standards, benchmarking, replicates, or multi-condition tests.",4,"Speed evidence suggests rapid, real-time, or automated operation.",N/A,Build time not reported.,2045 EUR (excluding the projection system),yes
21,Design and Validation of a Piston-Driven Syringe-Extrusion Bioprinter Using an FDM Frame,10.3390/biomimetics10120811,Bioprinting,/Users/iyakavets/Documents/Github/dyi-biofabrication/downloaded_papers/021_Design_and_Validation_of_a_Piston-Driven_Syringe-Extrusion_Bioprinter_Using_an_FDM_Frame.pdf,2,Smallest feature/positioning evidence about 600 um.,3,"Moderate scalability via modularity, batching, or partial automation.",4,Mostly off-the-shelf or kit-based components.,2,Multiple advanced technical skills appear required.,4,Uses common benchtop/desktop equipment or generic consumables.,4,Presented as modular or usable across multiple workflows.,3,Some open documentation or files are available.,4,"Validation includes standards, benchmarking, replicates, or multi-condition tests.",4,"Speed evidence suggests rapid, real-time, or automated operation.",N/A,Build time not reported.,N/A,yes
22,Fabrication and validation of an affordable DIY coaxial 3D extrusion bioprinter,10.1038/s41598-025-06478-9,Bioprinting,/Users/iyakavets/Documents/Github/dyi-biofabrication/downloaded_papers/022_Fabrication_and_validation_of_an_affordable_DIY_coaxial_3D_extrusion_bioprinter.pdf,3,"Extrusion set to 0.917 and 1.529 uL/s (55-92 uL/min) through a 200 um inner needle; no volumetric accuracy or pulsation measurement, only shape fidelity.",4,"Two stepper-driven syringe extruders on separate TMC2209 drivers, core-shell ratio programmable 100-0 to 50-50 and gradient-switched mid-print via M166.",4,Mostly off-the-shelf or kit-based components.,2,Multiple advanced technical skills appear required.,4,Uses common benchtop/desktop equipment or generic consumables.,4,Presented as modular or usable across multiple workflows.,4,Open resources include several build or operation artifacts.,3,"Shape fidelity across core-shell ratios, two nozzle geometries, four inks, rheology, CFD and 14-day viability, but no experimental benchmark against a commercial coaxial bioprinter.",3,"No timing comparison reported; only absolute print speed of 3 mm/s and 1 h shell gelation, with no conventional or commercial reference.",N/A,Build time not reported.,<600 EUR (~$650),yes
23,Extrusion-Based Bioprinting in a Cost-Effective Bioprinter,10.3390/machines12080518,Bioprinting,/Users/iyakavets/Documents/Github/dyi-biofabrication/downloaded_papers/023_Extrusion-Based_Bioprinting_in_a_Cost-Effective_Bioprinter.pdf,3,"Quantitative handling accuracy reported, but minimum volume unclear.",3,Throughput not explicit; assigned moderate default.,2,Requires specialized or custom-built components.,4,Build/operation described as low-skill or basic assembly.,3,Requires accessible but nontrivial lab/maker equipment.,4,Presented as modular or usable across multiple workflows.,3,Some open documentation or files are available.,4,"Validation includes standards, benchmarking, replicates, or multi-condition tests.",N/A,No clear speed comparison found,N/A,Build time not reported.,"<$1,500",yes
24,The Enderstruder: An accessible open-source syringe extruder compatible with Ender series 3D printers,10.1016/j.ohx.2024.e00510,Bioprinting,/Users/iyakavets/Documents/Github/dyi-biofabrication/pdfs/070_The_Enderstruder_An_accessible_open-source_syringe_extruder_compatible_with_Ender_series_3D_printers.pdf,4,"10240 microsteps/mm on a 1.25 mm M8 screw with 4:1 gearing gives ~0.016 uL per microstep through a 27G needle, with filament width variation within 110 um.",3,One 10 mL BD syringe on a single nozzle handling one ink at a time; prints complete constructs unattended in under an hour but has no parallel channels.,4,Mostly off-the-shelf or kit-based components.,2,Multiple advanced technical skills appear required.,4,Uses common benchtop/desktop equipment or generic consumables.,2,Application scope appears narrow or proof-of-concept.,4,Open resources include several build or operation artifacts.,3,"Five inks tested for filament uniformity, fusion and printability score plus a gravimetric E-step calibration protocol; Table 1 compares only other open designs’ specs, no experimental benchmark.",3,No timing comparison reported; print speeds of 5-20 mm/s and sub-hour prints are stated but never measured against a commercial extruder or manual method.,N/A,Build time not reported.,N/A,yes
25,Design and Implementation of an Accessible 3D Bioprinter: Benchmarking the Performance of a Home-Made Bioprinter against a Professional Bioprinter,10.3390/app131810213,Bioprinting,/Users/iyakavets/Documents/Github/dyi-biofabrication/downloaded_papers/025_Design_and_Implementation_of_an_Accessible_3D_Bioprinter_Benchmarking_the_Performance_of_a_Home-Made_Bioprinte.pdf,3,Smallest feature/positioning evidence about 150 um.,3,Throughput not explicit; assigned moderate default.,3,Mix of common parts and custom/printed components.,4,Build/operation described as low-skill or basic assembly.,3,Requires accessible but nontrivial lab/maker equipment.,3,demonstrated printing of cell-laden constructs with limited functional validation,3,Some open documentation or files are available.,4,"Validation includes standards, benchmarking, replicates, or multi-condition tests.",4,"Speed evidence suggests rapid, real-time, or automated operation.",N/A,Build time not reported.,N/A,yes
26,Development and implementation of a significantly low-cost 3D bioprinter using recycled scrap material,10.3389/fbioe.2023.1108396,Bioprinting,/Users/iyakavets/Documents/Github/dyi-biofabrication/downloaded_papers/026_Development_and_implementation_of_a_significantly_low-cost_3D_bioprinter_using_recycled_scrap_material.pdf,N/A,no clear evidence of printing resolution,2,Operation appears single-unit or manually constrained.,4,Mostly off-the-shelf or kit-based components.,4,Build/operation described as low-skill or basic assembly.,3,Requires accessible but nontrivial lab/maker equipment.,2,Application scope appears narrow or proof-of-concept.,4,Open resources include several build or operation artifacts.,4,"Validation includes standards, benchmarking, replicates, or multi-condition tests.",4,"Speed evidence suggests rapid, real-time, or automated operation.",N/A,Build time not reported.,120-260,yes
29,Designing Cost-Effective Open-Source Multihead 3D Bioprinters,10.1089/genbio.2022.0021,Bioprinting,/Users/iyakavets/Documents/Github/dyi-biofabrication/pdfs/028_Designing_cost-effective_open-source_multihead_3D_bioprinters.pdf,2,Smallest feature/positioning evidence about 500 um.,2,Operation appears single-unit or manually constrained.,4,Mostly off-the-shelf or kit-based components.,4,Build/operation described as low-skill or basic assembly.,2,"Requires specialized facilities, equipment, or consumables.",3,demonstrated printing of cell-laden constructs with limited functional validation,4,Open resources include several build or operation artifacts.,2,"Minimal quantitative validation evident, lacks standards, benchmarking, replicates or multi-condition tests. ",3,Speed evidence suggests typical operation,N/A,Build time not reported.,N/A,yes
31,Development of a high-performance open-source 3D bioprinter,10.1038/s41598-022-26809-4,Bioprinting,/Users/iyakavets/Documents/Github/dyi-biofabrication/downloaded_papers/031_Development_of_a_high-performance_open-source_3D_bioprinter.pdf,3,"Quantitative handling accuracy reported, but minimum volume unclear.",3,Throughput not explicit; assigned moderate default.,3,Mix of common parts and custom/printed components.,4,Build/operation described as low-skill or basic assembly.,4,Uses common benchtop/desktop equipment or generic consumables.,2,Application scope appears narrow or proof-of-concept.,4,Open resources include several build or operation artifacts.,4,"Validation includes standards, benchmarking, replicates, or multi-condition tests.",4,"Speed evidence suggests rapid, real-time, or automated operation.",N/A,Build time not reported.,<$900,yes
32,A high performance open-source syringe extruder optimized for extrusion and retraction during FRESH 3D bioprinting,10.1016/j.ohx.2020.e00170,Bioprinting,/Users/iyakavets/Documents/Github/dyi-biofabrication/pdfs/006_A_high_performance_open-source_syringe_extruder_optimized_for_extrusion_and_retraction_during_FRESH_3D_bioprinting.pdf,5,Microstep swept volume 2.71 nL with a 2.5 mL Hamilton syringe and 109 pL with a 100 uL syringe; printed 3.35 nL filaments and 300 um channels.,3,"Single syringe channel of 2.5 mL capacity printing a complete construct unattended; the dual-pump multimaterial arrangement is only pictured, never demonstrated or independently controlled.",3,Mix of common parts and custom/printed components.,4,Build/operation described as low-skill or basic assembly.,4,Uses common benchtop/desktop equipment or generic consumables.,5,Supports broad or translationally relevant applications.,4,Open resources include several build or operation artifacts.,3,"Channel widths of 300/400/500 um measured by OCT with ANOVA plus caliper steps/mm calibration, but one ink only and no experimental benchmark against a pneumatic or commercial extruder.",3,"No timing comparison reported; only print speeds of 10-20 mm/s, never measured against commercial extruders or manual deposition.",N/A,Build time not reported.,150,yes
33,An open source extrusion bioprinter based on the E3D motion system and tool changer to enable FRESH and multimaterial bioprinting,10.1038/s41598-021-00931-1,Bioprinting,/Users/iyakavets/Documents/Github/dyi-biofabrication/downloaded_papers/033_An_open_source_extrusion_bioprinter_based_on_the_E3D_motion_system_and_tool_changer_to_enable_FRESH_and_multim.pdf,3,Smallest feature/positioning evidence about 100 um.,4,"Evidence of parallel, plate-scale, multi-head, or unattended operation.",3,Mix of common parts and custom/printed components.,3,Multiple technical skills appear required.,3,Requires accessible but nontrivial lab/maker equipment.,4,Presented as modular or usable across multiple workflows.,2,provides partial build information but missing critical details required for reproduction,4,"Validation includes standards, benchmarking, replicates, or multi-condition tests.",N/A,N/A,N/A,Build time not reported.,N/A,yes
34,"Design and implementation of a low cost bio-printer modification, allowing for switching between plastic and gel extrusion",10.1016/j.ohx.2021.e00186,Bioprinting,/Users/iyakavets/Documents/Github/dyi-biofabrication/pdfs/022_Design_and_implementation_of_a_low_cost_bio-printer_modification_allowing_for_switching_between_plastic_and_gel_extrusion.pdf,1,Smallest feature/positioning evidence about 1000 um.,2,Operation appears single-unit or manually constrained.,3,Mix of common parts and custom/printed components.,3,Multiple technical skills appear required.,3,Requires accessible but nontrivial lab/maker equipment.,2,Application scope appears narrow or proof-of-concept.,4,Open resources include several build or operation artifacts.,2,"Minimal quantitative validation evident, lacks standards, benchmarking, replicates or multi-condition tests. ",3,Speed evidence suggests typical operation,N/A,Build time not reported.,300 (excluding the cost of the printer),yes
36,Open-source hybrid 3D-bioprinter for simultaneous printing of thermoplastics and hydrogels,10.1016/j.ohx.2021.e00230,Bioprinting,/Users/iyakavets/Documents/Github/dyi-biofabrication/pdfs/051_Open-source_hybrid_3D-bioprinter_for_simultaneous_printing_of_thermoplastics_and_hydrogels.pdf,3,Smallest feature/positioning evidence about 445 um. ,4,"Evidence of parallel, plate-scale, multi-head, or unattended operation.",4,Mostly off-the-shelf or kit-based components.,4,Build/operation described as low-skill or basic assembly.,3,Requires accessible but nontrivial lab/maker equipment.,4,Presented as modular or usable across multiple workflows.,5,Multiple open resources named: files/code/BOM/protocol documentation/troubleshooting,4,"Validation includes standards, benchmarking, replicates, or multi-condition tests.",4,"Speed evidence suggests rapid, real-time, or automated operation.",N/A,Build time not reported.,1150,yes
38,A Versatile Open-Source Printhead for Low-Cost 3D Microextrusion-Based Bioprinting,10.3390/polym12102346,Bioprinting,/Users/iyakavets/Documents/Github/dyi-biofabrication/downloaded_papers/038_A_Versatile_Open-Source_Printhead_for_Low-Cost_3D_Microextrusion-Based_Bioprinting.pdf,3,smallest filament diameter is 210 um. ,3,"Moderate scalability via modularity, batching, or partial automation.",4,Mostly off-the-shelf or kit-based components.,4,Build/operation described as low-skill or basic assembly.,4,Uses common benchtop/desktop equipment or generic consumables.,4,Presented as modular or usable across multiple workflows.,4,Open resources include several build or operation artifacts.,4,"Validation includes standards, benchmarking, replicates, or multi-condition tests.",3,speed evidence suggests comparable to mid-range commercial bioprinters,N/A,Build time not reported.,70,yes
39,"Design of an Open-Source, Low-Cost Bioink and Food Melt Extrusion 3D Printer",10.3791/59834,Bioprinting,/Users/iyakavets/Documents/Github/dyi-biofabrication/pdfs/026_Design_of_an_Open-Source__Low-Cost_Bioink_and_Food_Melt_Extrusion_3D_Printer.pdf,1,Smallest feature/positioning evidence about 1000 um. ,2,Operation appears single-unit or manually constrained.,3,Mix of common parts and custom/printed components.,4,Build/operation described as low-skill or basic assembly.,4,Uses common benchtop/desktop equipment or generic consumables.,4,Presented as modular or usable across multiple workflows.,4,Open resources include several build or operation artifacts.,4,"Validation includes standards, benchmarking, replicates, or multi-condition tests.",4,"Speed evidence suggests rapid, real-time, or automated operation.",N/A,Build time not reported.,240,yes
40,FINDUS: An Open-Source 3D Printable Liquid-Handling Workstation for Laboratory Automation in Life Sciences,10.1177/2472630319877374,Liquid Handling,/Users/iyakavets/Documents/Github/dyi-biofabrication/pdfs/039_FINDUS_An_Open-Source_3D_Printable_Liquid-Handling_Workstation_for_Laboratory_Automation_in_Life_Sciences.pdf,3,"Smallest calibrated volume 20 uL (P200) with ~2 um piston positioning and systematic error under 0.68%, though stroke speed is limited to 4 mm/s.",3,"Single-channel pipette unit with manual tool swap (~10 s), filling one 96-well plate in 3:30 min; the eight-channel speedup is hypothetical only.",3,Mix of common parts and custom/printed components.,4,Build/operation described as low-skill or basic assembly.,2,"Requires specialized facilities, equipment, or consumables.",2,Application scope appears narrow or proof-of-concept.,4,Open resources include several build or operation artifacts.,3,"ISO 8655 gravimetric calibration at 11 volumes with 10 replicates over three days, but ISO limits and literature values are specs rather than an experimental benchmark.",3,No timing comparison reported; authors state speed was not a design goal and the 3:30 min plate fill is unbenchmarked against manual pipetting.,N/A,Build time not reported.,<$400,yes
41,Nydus One Syringe Extruder (NOSE): A Prusa i3 3D printer conversion for bioprinting applications utilizing the FRESH-method,10.1016/j.ohx.2019.e00069,Bioprinting,/Users/iyakavets/Documents/Github/dyi-biofabrication/pdfs/049_Nydus_One_Syringe_Extruder_NOSE_A_Prusa_i3_3D_printer_modification_for_laboratory_automation_and_syringe-based_extrusion.pdf,2,Smallest feature/positioning evidence about 500 um. ,2,Operation appears single-unit or manually constrained.,3,Mix of common parts and custom/printed components.,3,Multiple technical skills appear required.,3,Requires accessible but nontrivial lab/maker equipment.,4,Presented as modular or usable across multiple workflows.,4,Open resources include several build or operation artifacts.,4,"Validation includes standards, benchmarking, replicates, or multi-condition tests.",4,"Speed evidence suggests rapid, real-time, or automated operation.",N/A,Build time not reported.,90 (excluding printer),yes
44,Design and Validation of an Open-Hardware Print-Head for Bioprinting Application,10.1016/j.proeng.2015.07.015,Bioprinting,/Users/iyakavets/Documents/Github/dyi-biofabrication/pdfs/025_Design_and_Validation_of_an_Open-Hardware_Print-Head_for_Bioprinting_Application.pdf,N/A,Resolution reported by volume (140 nL).,2,Operation appears single-unit or manually constrained.,3,Mix of common parts and custom/printed components.,3,Multiple technical skills appear required.,4,Uses common benchtop/desktop equipment or generic consumables.,4,Presented as modular or usable across multiple workflows.,2,provides partial build information but missing critical details required for reproduction,4,"Validation includes standards, benchmarking, replicates, or multi-condition tests.",4,"Speed evidence suggests rapid, real-time, or automated operation.",N/A,Build time not reported.,N/A,yes
45,BIO-SPEC: An open-source bench-top parallel bioreactor system,10.1016/j.ohx.2025.e00670,Bioreactor,/Users/iyakavets/Documents/Github/dyi-biofabrication/pdfs/045_BIO-SPEC_An_open-source_bench-top_parallel_bioreactor_system.pdf,N/A,No clear feature-size or precision evidence found.,4,"Evidence of parallel, plate-scale, multi-head, or unattended operation.",3,Mix of common parts and custom/printed components.,2,Multiple advanced technical skills appear required.,2,"Requires specialized facilities, equipment, or consumables.",4,Presented as modular or usable across multiple workflows.,4,Open resources include several build or operation artifacts.,4,"Validation includes standards, benchmarking, replicates, or multi-condition tests.",4,"Speed evidence suggests rapid, real-time, or automated operation.",N/A,Build time not reported.,3000-7000,yes
46,Technical upgrade of an open-source liquid handler to support bacterial colony screening,10.3389/fbioe.2023.1202836,Liquid Handling,/Users/iyakavets/Documents/Github/dyi-biofabrication/downloaded_papers/046_Technical_upgrade_of_an_open-source_liquid_handler_to_support_bacterial_colony_screening.pdf,3,No dispense volumes or flow rates characterised; picking tolerance ~1 mm and colonies under 1 mm fail; pipetting resolution is inherited entirely from the host OT-2 P20.,3,"Single P20 pipette picking one colony at a time from one plate into a 96-format tray, with no independent parallel channels.",3,Mix of common parts and custom/printed components.,4,Build/operation described as low-skill or basic assembly.,3,Equipment requirements not explicit; assigned moderate default.,4,Presented as modular or usable across multiple workflows.,4,Open resources include several build or operation artifacts.,3,"7,446 colonies over 44 plates, two species and three screening modes (73.4% accuracy, 92% sensitivity) with an extensive limitations section, but the commercial comparison is cited specs only.",3,"240-250 colonies/h described as similar to medium-throughput commercial pickers though far below 1,500-3,000/h; manual picking was never timed.",N/A,Build time not reported.,N/A (built on ~$7k OT-2),yes
47,Enhanced Growth of Bacterial Cells in a Smart 3D Printed Bioreactor,10.3390/mi14101829,Bioreactor,/Users/iyakavets/Documents/Github/dyi-biofabrication/downloaded_papers/047_Enhanced_Growth_of_Bacterial_Cells_in_a_Smart_3D_Printed_Bioreactor.pdf,N/A,N/A,2,Operation appears single-unit or manually constrained.,3,Mix of common parts and custom/printed components.,3,Multiple technical skills appear required.,4,Uses common benchtop/desktop equipment or generic consumables.,2,Application scope appears narrow or proof-of-concept.,2,provides partial build information but missing critical details required for reproduction,4,"Validation includes standards, benchmarking, replicates, or multi-condition tests.",N/A,No clear speed comparison found,N/A,Build time not reported.,N/A,yes
49,A Custom Ultra-Low-Cost 3D Bioprinter Supports Cell Growth and Differentiation,10.3389/fbioe.2020.580889,Bioprinting,/Users/iyakavets/Documents/Github/dyi-biofabrication/downloaded_papers/049_A_Custom_Ultra-Low-Cost_3D_Bioprinter_Supports_Cell_Growth_and_Differentiation.pdf,1,Smallest feature/positioning evidence larger than 1000 um. ,4,"Evidence of parallel, plate-scale, multi-head, or unattended operation.",4,Mostly off-the-shelf or kit-based components.,4,Build/operation described as low-skill or basic assembly.,4,Uses common benchtop/desktop equipment or generic consumables.,4,Presented as modular or usable across multiple workflows.,3,Some open documentation or files are available.,4,"Validation includes standards, benchmarking, replicates, or multi-condition tests.",4,"Speed evidence suggests rapid, real-time, or automated operation.",N/A,Build time not reported.,230,yes
51,The ‘bIUreactor’: An Open-Source 3D Tissue Research Platform,10.1007/s10439-024-03481-5,Bioreactor,/Users/iyakavets/Documents/Github/dyi-biofabrication/downloaded_papers/051_The_bIUreactor_An_Open-Source_3D_Tissue_Research_Platform.pdf,2,Coarse peristaltic control demonstrated only at 10 mL/min; Doppler could not resolve 1 mL/min from zero flow; no pulsation or flow-accuracy data.,3,"Four pump heads run 5-day continuous perfusion but are all driven by one shared stepper motor, so not independently controlled; media exchange remains manual.",4,Mostly off-the-shelf or kit-based components.,4,Build/operation described as low-skill or basic assembly.,4,Uses common benchtop/desktop equipment or generic consumables.,4,Presented as modular or usable across multiple workflows.,4,Open resources include several build or operation artifacts.,3,"Five-day run holding 10 mL/min and 50 +/- 0.47 rpm with thermal/wear tracking, Doppler at 0/1/5/10 mL/min and a calibration supplement, but no commercial-pump benchmark.",3,No timing comparison reported; priming and perfusion times are never contrasted with commercial pumps or manual media handling.,N/A,Build time not reported.,8000,yes
64,Automated Liquid Handler from a 3D Printer,10.1021/acs.jchemed.3c00855,Liquid Handling,/Users/iyakavets/Documents/Github/dyi-biofabrication/pdfs/064_Automated_Liquid_Handler_from_a_3D_Printer.pdf,2,"Only 75 and 100 uL transfers demonstrated with a 10-100 uL manual pipette, and the volume is set by hand rather than programmed.",3,"Single-channel manual pipette at one fixed volume with no tip change or wash station; automates a full 96-well plate transfer, which caps the score at 3.",3,Part sourcing complexity not explicit; assigned moderate default.,4,Build/operation described as low-skill or basic assembly.,3,Requires accessible but nontrivial lab/maker equipment.,4,Presented as modular or usable across multiple workflows.,4,Open resources include several build or operation artifacts.,4,"Gravimetric test at two volumes with n=30 each, explicitly benchmarked against manual pipetting, plus a full-plate positional and spillage check; water only.",3,"No timing comparison reported; only accuracy was compared between manual and automated modes, never transfer or cycle duration.",N/A,Build time not reported.,325,yes
65,High-Efficiency 3D-Printed Three-Chamber Electromagnetic Peristaltic Micropump,10.3390/mi14020257,Liquid Handling,/Users/iyakavets/Documents/Github/dyi-biofabrication/downloaded_papers/065_High-Efficiency_3D-Printed_Three-Chamber_Electromagnetic_Peristaltic_Micropump.pdf,2,"Single operating point only: 2407.2 uL/min and 1127 Pa at 5 V/0.3 A; no minimum stable flow, flow resolution or accuracy, and three-chamber peristalsis is pulsatile.",2,One serial fluid path of three chambers; pumping is Arduino-driven but priming and photographic measurement are manual and runs are short bench tests.,3,Mix of common parts and custom/printed components.,4,Build/operation described as low-skill or basic assembly.,3,Requires accessible but nontrivial lab/maker equipment.,2,Application scope appears narrow or proof-of-concept.,3,Some open documentation or files are available.,2,"Water only at one drive condition, no replicates, error bars or calibration procedure; only simulation-vs-experiment agreement and a literature spec table.",3,"No priming, cycle-time or timing comparison against conventional pumping is reported anywhere in the paper.",N/A,Build time not reported.,N/A,no
67,Highly-customizable 3D-printed peristaltic pump kit,10.1016/j.ohx.2021.e00202,Liquid Handling,/Users/iyakavets/Documents/Github/dyi-biofabrication/pdfs/067_Highly-customizable_3D-printed_peristaltic_pump_kit.pdf,4,"Sub-uL/min control demonstrated (0.022-727.3 uL/min, 2.25-6.3 uL per cycle) but flow is explicitly intermittent (17-28% pause per cycle) with 5% reassembly variation.",4,Four- and three-channel variants with 7-day unattended continuous perfusion culture and 60-day operation; all channels share one motor/rpm and there is no fluid switching.,4,Mostly off-the-shelf or kit-based components.,4,Build/operation described as low-skill or basic assembly.,4,Uses common benchtop/desktop equipment or generic consumables.,4,Presented as modular or usable across multiple workflows.,3,Some open documentation or files are available.,4,"Flow vs rpm over four decades, three repeats, three tubing IDs, two variants, 8-run reassembly SD of 5%, plus 7-day and 60-day wear testing.",3,No timing or cycle-time measurement versus conventional pumping; only a flow-range spec table is provided.,N/A,Build time not reported.,~$50,no
69,"BoSL FAL pump: A small, low-cost, easily constructed, 3D-printed peristaltic pump for sampling of waters",10.1016/j.ohx.2021.e00214,Liquid Handling,/Users/iyakavets/Documents/Github/dyi-biofabrication/pdfs/069_BoSL_FAL_pump_A_small_low-cost_easily_constructed_3D-printed_peristaltic_pump_for_sampling_of_waters.pdf,2,"Lowest reliable sample increment is 0.14 mL and rate is set only by supply voltage (4.97-13.8 mL/min) with three rollers, though volume accuracy is +/-0.7%.",3,"Single channel and single fluid path, but fully unattended programmed intermittent sampling with a 24 h continuous run at 7-20 L/day.",4,Mostly off-the-shelf or kit-based components.,4,Build/operation described as low-skill or basic assembly.,4,Uses common benchtop/desktop equipment or generic consumables.,2,Application scope appears narrow or proof-of-concept.,3,Some open documentation or files are available.,3,"Four tests across four voltages, 10/20/40 rotations, a 24 h run, a rebuild repeat and a Hall-sensor calibration routine, but no commercial benchmark and drinking water only.",3,No timing comparison to conventional pumps or autosamplers; only absolute figures are given.,N/A,Build time not reported.,$19 AUD (~$13),no
70,"EvoBot: An Open-Source, Modular, Liquid Handling Robot for Scientific Experiments",10.3390/app10030814,Liquid Handling,/Users/iyakavets/Documents/Github/dyi-biofabrication/downloaded_papers/070_EvoBot_An_Open-Source_Modular_Liquid_Handling_Robot_for_Scientific_Experiments.pdf,3,1/5/20 mL syringe modules meet ISO 8655 (+/-8 uL systematic at 1 mL) and 5 uL droplets were dispensed but untested; the 100 uL module is unvalidated.,5,"The head takes 11 independently driven modules (22 motors); 2-3 syringes plus a 4-liquid dispensing module were demonstrated, and nine MFCs were nurtured continuously for two months.",3,Mix of common parts and custom/printed components.,4,Build/operation described as low-skill or basic assembly.,3,Requires accessible but nontrivial lab/maker equipment.,4,Presented as modular or usable across multiple workflows.,2,Open build documentation is not clearly identified.,3,"30-replicate gravimetric tests across three syringe sizes, two needle diameters and contact/non-contact modes, but only ISO 8655 spec compliance with no head-to-head device or manual benchmark.",3,"No timing comparison reported; only a qualitative remark that GUI-driven operation is slow compared with manual pipetting, plus a 180 mm/s head speed.",N/A,Build time not reported.,<$500,yes
71,A Simple Approach for Controlling an Open-Source Syringe Pump,10.26701/ems.769837,Liquid Handling,/Users/iyakavets/Documents/Github/dyi-biofabrication/downloaded_papers/071_A_Simple_Approach_for_Controlling_an_Open-Source_Syringe_Pump.pdf,4,"Measured range 0.5-17 uL/s (30-1020 uL/min); sub-uL/s values for a 1 mL syringe are calculated only, and control is open-loop feedforward with no flow sensor.",4,Three syringe channels independently and simultaneously controlled via GUI/MCU; runtime capped by 3-10 mL syringes and no fluid switching.,3,Mix of common parts and custom/printed components.,4,Build/operation described as low-skill or basic assembly.,4,Uses common benchtop/desktop equipment or generic consumables.,4,Presented as modular or usable across multiple workflows.,3,Some open documentation or files are available.,3,"Flow rates measured for three syringe sizes across five duty cycles (n>=3) against theoretical calculation; no commercial benchmark, one liquid, no backpressure test.",3,No timing or cycle-time comparison with commercial pumps or manual handling is given.,N/A,Build time not reported.,N/A,no
72,"The FAST Pump, a low-cost, easy to fabricate, SLA-3D-printed peristaltic pump for multi-channel systems in any lab",10.1016/j.ohx.2020.e00115,Liquid Handling,/Users/iyakavets/Documents/Github/dyi-biofabrication/pdfs/072_The_FAST_Pump_a_low-cost_easy_to_fabricate_SLA-3D-printed_peristaltic_pump_for_multi-channel_systems_in_any_lab.pdf,5,Tested 0.7-5750 uL/min with a lowest measured point of 0.63 uL/min on a commercial flow meter; R2=0.9998 and within-channel RSD below 1%.,5,"Eight parallel channels in one pump, three pumps characterised, used for a 16-channel multiplexed ELISA with multi-hour continuous in-incubator perfusion.",4,Mostly off-the-shelf or kit-based components.,4,Build/operation described as low-skill or basic assembly.,4,Uses common benchtop/desktop equipment or generic consumables.,4,Presented as modular or usable across multiple workflows.,4,Open resources include several build or operation artifacts.,4,"Full flow range across three tubing types, eight channels and three pumps (<1% pump-to-pump), plus Watson-Marlow and Takasago comparison; no drift, leakage or clogging study.",4,Explicit head-to-head table: max flow 5750 vs 3760 uL/min for the commercial 8-channel Watson-Marlow 205U at one sixth the footprint.,N/A,Build time not reported.,<$45/channel (8-channel system),no
73,Principles of open source bioinstrumentation applied to the poseidon syringe pump system,10.1038/s41598-019-48815-9,Liquid Handling,/Users/iyakavets/Documents/Github/dyi-biofabrication/downloaded_papers/073_Principles_of_open_source_bioinstrumentation_applied_to_the_poseidon_syringe_pump_system.pdf,4,"Reliable flows from a few hundred microlitres per hour (~3-5 uL/min) upward with low pulsation from the syringe drive, producing monodisperse 58 um droplets; no sub-uL/min data.",4,Arduino/CNC shield runs up to four pumps simultaneously and independently with gradient pumping and syringes to 60 mL; under eight channels and no automated fluid switching.,4,Mostly off-the-shelf or kit-based components.,4,Build/operation described as low-skill or basic assembly.,4,Uses common benchtop/desktop equipment or generic consumables.,4,Presented as modular or usable across multiple workflows.,4,Open resources include several build or operation artifacts.,4,"Direct Harvard Apparatus benchmark on droplet-diameter variance, two fluids at differing flow rates, tabulated flow ranges and documented failure modes; single application only.",3,"No pumping or cycle-time comparison; the benchmarked figure is assembly time (under 15 minutes), which is build time rather than fluid-handling speed.",N/A,Build time not reported.,<$400,no
74,"An automated and parallelised DIY-dosing unit for individual and complex feeding profiles: Construction, validation and applications",10.1371/journal.pone.0217268,Liquid Handling,/Users/iyakavets/Documents/Github/dyi-biofabrication/downloaded_papers/074_An_automated_and_parallelised_DIY-dosing_unit_for_individual_and_complex_feeding_profiles_Construction_validat.pdf,5,"Flow 0.7 uL/min to 210 mL/min; a 10 uL/h profile was delivered at 10.16 +/- 0.07 uL/h, and the 1.11e-2 mm piston step gives sub-uL increments.",5,"Four independently controlled units per EV3 brick driving 12 syringes in parallel, multi-hour unattended exponential feeds plus automated 4-port gradient switching for IMAC.",3,Mix of common parts and custom/printed components.,4,Build/operation described as low-skill or basic assembly.,3,Requires accessible but nontrivial lab/maker equipment.,4,Presented as modular or usable across multiple workflows.,2,Open build documentation is not clearly identified.,4,"Triplicate gravimetric tests over linear and exponential profiles, 1/10/50 mL syringes, a 1.4 bar counter-pressure limit, and accuracy benchmarked against a commercial Buerkert Type 7615.",3,No timing comparison given; the IMAC run follows the manufacturer protocol at 0.5 mL/min with no stated time saving versus AEKTA or manual columns.,N/A,Build time not reported.,~195 EUR (core) + parts,no
75,An open-source programmable smart pipette for portable cell separation and counting,10.1039/c9ra08368e,Liquid Handling,/Users/iyakavets/Documents/Github/dyi-biofabrication/pdfs/075_An_open-source_programmable_smart_pipette_for_portable_cell_separation_and_counting.pdf,3,"Quantitative handling accuracy reported, but minimum volume unclear.",4,"Evidence of parallel, plate-scale, multi-head, or unattended operation.",3,Mix of common parts and custom/printed components.,4,Build/operation described as low-skill or basic assembly.,3,Requires accessible but nontrivial lab/maker equipment.,4,Presented as modular or usable across multiple workflows.,3,Some open documentation or files are available.,4,"Validation includes standards, benchmarking, replicates, or multi-condition tests.",4,"Speed evidence suggests rapid, real-time, or automated operation.",N/A,Build time not reported.,N/A,yes
76,Commit: Digital pipette: open hardware for liquid transfer in self-driving laboratories,10.1039/d3dd00115f,Liquid Handling,/Users/iyakavets/Documents/Github/dyi-biofabrication/pdfs/076_Commit_Digital_pipette_open_hardware_for_liquid_transfer_in_self-driving_laboratories.pdf,1,Nominal 10 mL air-displacement syringe; ISO tests at 1/5/10 mL with smallest tested 0.2 mL; authors concede uL-level accuracy needs higher-precision actuators.,2,Single-channel pipette handling one liquid at a time; automated tip exchange but external tip remover and greasing upkeep; no plate or full workflow demonstrated.,3,Mix of common parts and custom/printed components.,4,Build/operation described as low-skill or basic assembly.,2,"Requires specialized facilities, equipment, or consumables.",4,Presented as modular or usable across multiple workflows.,4,Open resources include several build or operation artifacts.,4,"ISO 8655-6 gravimetric at three volumes against v1 and ISO limits, plus explicit benchmark against four human pipettors (Levene, p=0.0046); calibration curves given.",3,"No timing comparison reported; only a 10-minute assembly time, with no aspiration/dispense or cycle-time data versus manual or commercial pipetting.",5,Build/setup evidence indicates same-day or <4 h setup.,300,yes
78,A 3D-Printed Plate Handler for Automated Handling of Well Plates on the Opentrons OT-2,10.5206/joh.v9i1.22756,Liquid Handling,/Users/iyakavets/Documents/Github/dyi-biofabrication/downloaded_papers/078_A_3D-Printed_Plate_Handler_for_Automated_Handling_of_Well_Plates_on_the_Opentrons_OT-2.pdf,1,"The gripper contributes no liquid handling; only the host OT-2 P300 8-channel dispensing toluidine blue with 300 uL tips, and no volume, accuracy or flow-rate data.",3,"A single gripper moves one plate at a time, with three-plate repositioning plus a dye protocol unattended; any parallel pipetting comes from the host OT-2.",4,Mostly off-the-shelf or kit-based components.,2,Multiple advanced technical skills appear required.,4,Uses common benchtop/desktop equipment or generic consumables.,5,Supports broad or translationally relevant applications.,4,Open resources include several build or operation artifacts.,2,Transfers between deck slots 1 and 9 with 42-286 g loads were confirmed only by visual inspection; PWM/offset calibration is given but no quantitative positional accuracy or benchmark.,3,"No timing comparison reported; only the host gantry spec (400 mm/s) and a two-day build estimate, with no manual plate-transfer baseline.",N/A,Build time not reported.,GBP 81.34 (add-on parts only),yes
79,Leveraging flexible pipette-based tool changes to transform liquid handling systems into dual-function sample preparation and imaging platforms,10.1016/j.ohx.2025.e00653,Liquid Handling,/Users/iyakavets/Documents/Github/dyi-biofabrication/pdfs/079_Leveraging_flexible_pipette-based_tool_changes_to_transform_liquid_handling_systems_into_dual-function_sample_preparation_and_imaging_platforms.pdf,3,"Droplet volumes never reported; only the host OT-2 1000/300/20 uL pipettes are cited, so all dispensing precision is carried by the host rather than this contribution.",3,"Both OT-2 mounts are single-channel and one carries the camera tool, leaving one liquid path; 576-well deck capacity is claimed but only three wells demonstrated.",3,Mix of common parts and custom/printed components.,4,Build/operation described as low-skill or basic assembly.,3,Requires accessible but nontrivial lab/maker equipment.,4,Presented as modular or usable across multiple workflows.,4,Open resources include several build or operation artifacts.,2,"Validation is imaging-based only (pixel intensity across four alginate and six CaCl2 levels, EDTA disintegration); no volumetric accuracy, dispense calibration or benchmark.",3,No timing comparison reported; only internal figures of 5 s per well image and ~3 h per 96-well time-course scan.,N/A,Build time not reported.,N/A,yes
81,Open-source cell culture automation system with integrated cell counting for passaging microplate cultures,10.1093/pnasnexus/pgaf385,Liquid Handling (not just liquid handling),/Users/iyakavets/Documents/Github/dyi-biofabrication/pdfs/081_Open-source_cell_culture_automation_system_with_integrated_cell_counting_for_passaging_microplate_cultures.pdf,2,"P300 pipettes handling 50 uL trypsin, 100 uL DPBS and 100-200 uL seeding; aspiration above 180 uL causes bubbles; seeding CV under 11%.",4,"P300 8-channel head plus an independent single-channel pipette on separate mounts and an 8-chamber counting flow cell, 2-3 plates/day; per-well seeding is still serial.",3,Mix of common parts and custom/printed components.,4,Build/operation described as low-skill or basic assembly.,4,Uses common benchtop/desktop equipment or generic consumables.,4,Presented as modular or usable across multiple workflows.,4,Open resources include several build or operation artifacts.,4,Cell counter benchmarked against a flow cytometer over 100-400k cells/mL with 32 reads/sample; ATP assay versus manual seeding gave 54% lower CV and 92% vs 52% imaging keeper rate.,2,"Hands-on time cut 61% (under 30 min vs an hour or more), but the end-to-end run of under 3 h is roughly twice the manual duration.",N/A,Build time not reported.,N/A,yes
84,"BioCloneBot: A versatile, low-cost, and open-source automated liquid handler",10.1016/j.ohx.2024.e00516,Liquid Handling,/Users/iyakavets/Documents/Github/dyi-biofabrication/pdfs/084_BioCloneBot_A_versatile_low-cost_and_open-source_automated_liquid_handler.pdf,4,"After regression correction 5 uL gave 2.60% accuracy and 6.03% precision and 10 uL gave 0.80%/5.17%, while 1-2 uL degrades to 12.5% error and 11.22% CV.",2,Single syringe pump handling one tip and one fluid path at a time with 4-6 labware slots; a syringe swap is needed to change the 1-20/10-200 uL range and thermocycling is manual.,4,Mostly off-the-shelf or kit-based components.,4,Build/operation described as low-skill or basic assembly.,4,Uses common benchtop/desktop equipment or generic consumables.,4,Presented as modular or usable across multiple workflows.,5,Multiple open resources named: files/code/BOM/protocol documentation.,4,"Gravimetric n=10 at five volumes per syringe, five glycerol viscosities, dial-indicator axis accuracy, a 96-tip test, and cloning products compared with manual pipetting assemblies.",1,Authors concede speed is a drawback: 96 tip pick and eject cycles took ~1.5 h versus an Opentrons doing plate-to-plate transfers with tip changes in ~35 min.,N/A,Build time not reported.,"$1,151.75 CAD (~$850)",yes
87,Open-source spring-driven syringe pump with 3D-printed components for microfluidic applications,10.1016/j.ohx.2024.e00550,Liquid Handling,/Users/iyakavets/Documents/Github/dyi-biofabrication/pdfs/087_Open-source_spring-driven_syringe_pump_with_3D-printed_components_for_microfluidic_applications.pdf,2,"Flow set only by a coarse analog gear ratio that cannot be changed mid-run; measured 12.85 vs 16.00 uL/min theoretical, with error up to 27.8% plus back-pressure and spring drift.",2,"Single syringe, one fluid, 5 mL maximum; unattended only until the spring unwinds, with manual winding, backlash removal and a 30-cycle spring life.",4,Mostly off-the-shelf or kit-based components.,4,Build/operation described as low-skill or basic assembly.,3,Requires accessible but nontrivial lab/maker equipment.,4,Presented as modular or usable across multiple workflows.,3,Some open documentation or files are available.,2,"Gravimetric flow at a single gear ratio (81) for two syringe sizes in water, triplicate only; no commercial benchmark and a calibration function stated as future work.",3,No timing comparison to any conventional pump or manual method appears in the paper.,N/A,Build time not reported.,$25-30,no
89,Soft robotic patterning of liquids,10.1038/s41598-023-41755-5,Liquid Handling,/Users/iyakavets/Documents/Github/dyi-biofabrication/downloaded_papers/089_Soft_robotic_patterning_of_liquids.pdf,1,"No liquid dispensing or metering; the device only agitates a well plate with a 1 mm maximum motion radius, and reports no volumes, flow rates or dispensing accuracy.",1,"One well plate in one batch with colorant drops placed manually and patterns stable only a few minutes; the four actuation sectors are actuators, not fluid channels.",3,Part sourcing complexity not explicit; assigned moderate default.,2,Multiple advanced technical skills appear required.,3,Requires accessible but nontrivial lab/maker equipment.,4,Presented as modular or usable across multiple workflows.,2,Open build documentation is not clearly identified.,4,"Benchmarked against a commercial orbital shaker and static diffusion: 94% versus 80% mixing at 8 min and +1 versus +5 C over 6 h, across two electrode materials, voltages and actuation times.",2,"Dominant mixing time constant 0.73 min versus 0.03 min for the commercial shaker, which outperformed the device for the first ~3 min before the DEA mixer overtook it.",5,Build/setup evidence indicates same-day or <4 h setup.,N/A,no
90,A low-cost push–pull syringe pump for continuous flow applications,10.1016/j.ohx.2022.e00295,Liquid Handling,/Users/iyakavets/Documents/Github/dyi-biofabrication/pdfs/090_A_low-cost_push_pull_syringe_pump_for_continuous_flow_applications.pdf,2,"Menu range 0.5-500 mL/min set in 0.1 mL/min (100 uL/min) steps, with inherent switchover pressure spikes requiring a dampener and a residual 5% damping factor.",3,"One motor drives both syringes as a single continuous fluid path (two inlets, one outlet) with indefinite runtime, but no independently controlled second channel.",4,Mostly off-the-shelf or kit-based components.,4,Build/operation described as low-skill or basic assembly.,3,Requires accessible but nontrivial lab/maker equipment.,4,Presented as modular or usable across multiple workflows.,4,Open resources include several build or operation artifacts.,3,"Two calibration curves (high and low flow), pressure logged at 10 flow rates and three dampener volumes tested at 300 mL/min; no commercial benchmark and water only.",3,No timing comparison with commercial or manual pumping is reported.,N/A,Build time not reported.,<100 EUR,no
91,A robot-assisted acoustofluidic end effector,10.1038/s41467-022-34167-y,Microfluidics,/Users/iyakavets/Documents/Github/dyi-biofabrication/downloaded_papers/091_A_robot-assisted_acoustofluidic_end_effector.pdf,3,"Not volumetric dispensing; acoustic streaming pumps on the order of mm/s with quadratic voltage control, no metered volume or accuracy, and 20 uL droplets added manually.",3,"Single capillary forming one fluid path; automates full 96-well plate mixing unattended at 40 s per well but has no independently controlled second channel, with multi-capillary only proposed.",3,Mix of common parts and custom/printed components.,4,Build/operation described as low-skill or basic assembly.,3,Requires accessible but nontrivial lab/maker equipment.,4,Presented as modular or usable across multiple workflows.,3,Some open documentation or files are available.,3,"Velocity versus voltage and distance from 5-300 kHz with 2/10/15 um particles in water and glycerol, but no experimental benchmark against a conventional pump, mixer or pipette.",3,"No timing comparison reported; 40 s mixing per well and millisecond droplet mixing are given, with only a qualitative claim that vortex mixers cannot handle viscous fluids.",N/A,Build time not reported.,N/A,yes
92,Open-source personal pipetting robots with live-cell incubation and microscopy compatibility,10.1038/s41467-022-30643-7,Liquid Handling,/Users/iyakavets/Documents/Github/dyi-biofabrication/downloaded_papers/092_Open-source_personal_pipetting_robots_with_live-cell_incubation_and_microscopy_compatibility.pdf,3,"Peristaltic pumps with a 0.4 uL/step theoretical limit but +/-2 uL error at any target (10 uL gave 7-11 uL), reliable from ~25 uL, with flow controlled 2-100 uL/s.",5,"One to ten independently pumped pipet channels each with its own reservoir, contamination characterised up to 10 pipets, parallel distinct programs per well and 48 h unattended operation.",4,Mostly off-the-shelf or kit-based components.,4,Build/operation described as low-skill or basic assembly.,3,Requires accessible but nontrivial lab/maker equipment.,4,Presented as modular or usable across multiple workflows.,4,Open resources include several build or operation artifacts.,4,"Volumes 10-1000 uL, flow 10-100 uL/s, carryover with 0/1/4/8 washes, 48 h drift within +/-1%, benchmarked against manual pipetting (12.6% versus 3.6% cell loss); no clogging or pulsation data.",3,Only a speed-matched comparison (manual 100 uL wash in 10 s equals automated 10 uL/s); 2-40 s per well and 4-13 min per plate given with no manual throughput benchmark.,3,Build/setup appears multi-day but under a week.,N/A,yes
93,Sidekick: A Low-Cost Open-Source 3D-printed liquid dispensing robot,10.1016/j.ohx.2022.e00319,Liquid Handling,/Users/iyakavets/Documents/Github/dyi-biofabrication/pdfs/093_Sidekick_A_Low-Cost_Open-Source_3D-printed_liquid_dispensing_robot.pdf,3,"Fixed 10 uL solenoid aliquots with volumes rounded to the nearest 10 uL; pumps delivered 9.5-12.0 uL per cycle (~11% systematic bias), so granularity is quantised at 10 uL.",4,"Four independently controlled positive-displacement pumps and nozzles dispensing four different liquids unattended, filling 72 wells of a 96-well plate; no aspiration and fewer than eight channels.",4,Mostly off-the-shelf or kit-based components.,4,Build/operation described as low-skill or basic assembly.,4,Uses common benchtop/desktop equipment or generic consumables.,4,Presented as modular or usable across multiple workflows.,5,Multiple open resources named: files/code/BOM/protocol documentation.,3,"Gravimetric tests on two devices at 10/100 uL and 80-350 uL with 0.6-2.1% relative error plus leak and clamp troubleshooting, but no experimental benchmark versus manual pipetting or a commercial dispenser.",3,"No timing comparison reported; the paper gives assembly time (under 4 h) and cost ($710) only, with no dispense-rate or plate-filling time versus manual or commercial handling.",5,Build/setup evidence indicates same-day or <4 h setup.,710,yes
94,Adapting a Low-Cost and Open-Source Commercial Pipetting Robot for Nanoliter Liquid Handling,10.1177/2472630320973591,Liquid Handling,/Users/iyakavets/Documents/Github/dyi-biofabrication/pdfs/094_Adapting_a_Low-Cost_and_Open-Source_Commercial_Pipetting_Robot_for_Nanoliter_Liquid_Handling.pdf,5,"15-50 nL transfers with 0.2% error and 2.0% CV at 50 nL, with 20 nL treated as the reliable lower limit via a 10 uL gastight syringe hydraulic path.",3,Single syringe and capillary forming one fluid path of 10 uL capacity; automates the full nanoPOTS chip workflow but has no independently controlled second channel.,3,Mix of common parts and custom/printed components.,4,Build/operation described as low-skill or basic assembly.,3,Requires accessible but nontrivial lab/maker equipment.,4,Presented as modular or usable across multiple workflows.,2,Open build documentation is not clearly identified.,4,"Two orthogonal methods (capillary plug and fluorescence) at 15/20/50 nL in water and viscous DMSO, n=15-100, plus a side-by-side comparison against the in-house $50k nanoliter pipettor.",3,"~11 s per well and 10 wells in ~3 min, with throughput called relatively low; no timing comparison reported against manual or commercial handling.",N/A,Build time not reported.,"<$6,000",yes
96,"Open-source, 3D-printed Peristaltic Pumps for Small Volume Point-of-Care Liquid Handling",10.1038/s41598-020-58246-6,Liquid Handling,/Users/iyakavets/Documents/Github/dyi-biofabrication/downloaded_papers/096_Open-source_3D-printed_Peristaltic_Pumps_for_Small_Volume_Point-of-Care_Liquid_Handling.pdf,3,"Reliably aliquots 10, 30 and 50 uL (100 replicates each) up to 1.62 mL/min, but the three rollers produce a documented cyclical pressure and flow oscillation.",3,"One tubing channel and one fluid, but fully automated 100-aliquot runs and 24 h unattended recirculating flow from an arbitrarily large reservoir.",3,Mix of common parts and custom/printed components.,4,Build/operation described as low-skill or basic assembly.,4,Uses common benchtop/desktop equipment or generic consumables.,4,Presented as modular or usable across multiple workflows.,3,Some open documentation or files are available.,3,"100 replicates at three volumes, two tubing IDs, several RPMs, flow-vs-pressure-drop and pulsation-frequency data with gravimetric calibration; commercial comparison is price/spec only.",3,"No timing comparison to pipetting or commercial pumps; only a cost comparison ($65 vs $220 Dolomite, $950 mp6).",N/A,Build time not reported.,~$120,no
97,OpenWorkstation: A modular open-source technology for automated in vitro workflows,10.1016/j.ohx.2020.e00152,Liquid Handling (not just liquid handling),/Users/iyakavets/Documents/Github/dyi-biofabrication/pdfs/097_OpenWorkstation_A_modular_open-source_technology_for_automated_in_vitro_workflows.pdf,4,"Positive-displacement pipetting range stated as 1-1000 uL with a GelMA microdroplet series from 1 to 10 uL; no volumetric accuracy data, only positioning (+/-100 um).",4,"Two independently mounted pipettes plus eight deck slots, a storage module holding six plates and automated plate transport for unattended runs; an 8-channel head is stated but never demonstrated.",4,Mostly off-the-shelf or kit-based components.,4,Build/operation described as low-skill or basic assembly.,3,Requires accessible but nontrivial lab/maker equipment.,4,Presented as modular or usable across multiple workflows.,4,Open resources include several build or operation artifacts.,3,"ISO 230-2 positioning (n=40, n=25), temperature dock 5.5-95 C, OrangeG dilution R2=0.9992 and 6-day culture, but only a spec-sheet comparison to an Eppendorf epMotion.",3,No timing comparison reported; only build and setup durations (4-6 weeks assembly) and qualitative claims of time-efficiency versus manual workflows.,N/A,Build time not reported.,$900 (base),yes
98,Principles of computer-controlled linear motion applied to an open-source affordable liquid handler for automated micropipetting,10.1038/s41598-020-70465-5,Liquid Handling,/Users/iyakavets/Documents/Github/dyi-biofabrication/downloaded_papers/098_Principles_of_computer-controlled_linear_motion_applied_to_an_open-source_affordable_liquid_handler_for_automa.pdf,4,"Dispensed 5 uL with a 10 uL Eppendorf pipette at 2.5% average error against a 1.5% pipette spec, in 20 uL qPCR reactions, with 320 um positional accuracy.",3,One micropipette forming a single channel; authors rejected automatic pipette switching so the assembly is swapped manually; fills a 96-well qPCR plate unattended but not in parallel.,4,Mostly off-the-shelf or kit-based components.,4,Build/operation described as low-skill or basic assembly.,4,Uses common benchtop/desktop equipment or generic consumables.,4,Presented as modular or usable across multiple workflows.,4,Open resources include several build or operation artifacts.,3,"Dye serial dilution at a single 5 uL volume (n=4), reversal-error test (n=10/axis), qPCR standard curve R2=0.998 and tip/obstruction sensing; accuracy compared to pipette spec, not an experimental benchmark.",3,"96-well plate in under an hour versus 30-45 min for an experienced technician, i.e. roughly comparable to slightly slower, and tip-alignment checks can double run time.",N/A,Build time not reported.,1500,yes
99,An Open Source Syringe Pump Controller for Fluid Delivery of Multiple Volumes,10.1523/eneuro.0240-19.2019,Liquid Handling,/Users/iyakavets/Documents/Github/dyi-biofabrication/downloaded_papers/099_An_Open_Source_Syringe_Pump_Controller_for_Fluid_Delivery_of_Multiple_Volumes.pdf,4,"1.24 uL per motor step on a 30 mL syringe (SD 1.35e-5), delivering 9.28 and 27.85 uL boluses; the authors state sub-microlitre precision is not achievable.",3,"One syringe and one fluid path, but three TTL-triggered volumes run a complete behavioural session unattended from a single 30-60 mL syringe.",3,Mix of common parts and custom/printed components.,2,Multiple advanced technical skills appear required.,3,Requires accessible but nontrivial lab/maker equipment.,2,Application scope appears narrow or proof-of-concept.,5,Multiple open resources named: files/code/BOM/protocol documentation.,4,"36 replicate gravimetric measurements across two syringe sizes in water and 16% sucrose, a calibration spreadsheet, and a direct head-to-head noise comparison with a commercial Med Associates PHM-100.",3,No quantitative timing benchmark; the only claim is that all volumes share one 316 ms epoch rather than scaling with volume.,N/A,Build time not reported.,<$250,no
100,OpenLH,10.1145/3294109.3295619,Liquid Handling,/Users/iyakavets/Documents/Github/dyi-biofabrication/pdfs/100_OpenLH.pdf,4,"Dispenses 0.2 uL droplets (0.3 uL bioprint) via a linear-actuator syringe, but a 0.15 uL average SD makes true sub-uL reliability marginal.",3,"Single pipette head, stated as a limitation by the authors; automates a 48-well serial dilution with tip changes but handles one channel and fluid at a time.",4,Mostly off-the-shelf or kit-based components.,4,Build/operation described as low-skill or basic assembly.,4,Uses common benchtop/desktop equipment or generic consumables.,4,Presented as modular or usable across multiple workflows.,3,Some open documentation or files are available.,3,"Gravimetric water dispensing across 0.25-15 extruder steps (n=4) with SD reported and a calibration manual supplied; ""as accurate as commercial"" is asserted but never experimentally benchmarked.",3,No timing comparison reported; only a qualitative claim that speed is comparable to human-hand pipetting in a single transaction.,N/A,Build time not reported.,"<$1,000",yes
102,Open-Source Syringe Pump Library,10.1371/journal.pone.0107216,Liquid Handling,/Users/iyakavets/Documents/Github/dyi-biofabrication/downloaded_papers/102_Open-Source_Syringe_Pump_Library.pdf,1,Volumes assessed only in 1 mL increments with 10/25 mL syringes; drop-level resolution ~20 uL; no sub-100 uL dispense demonstrated.,2,"Dual version drives two syringes synchronously off one controller, not independently; capacity limited to a single syringe fill.",4,Mostly off-the-shelf or kit-based components.,4,Build/operation described as low-skill or basic assembly.,4,Uses common benchtop/desktop equipment or generic consumables.,2,Application scope appears narrow or proof-of-concept.,5,Multiple open resources named: files/code/BOM/protocol documentation.,3,"Accuracy/CV across two motors and three microstepping settings with calibration, but single volume, water only; commercial ""comparison"" is a spec table, not an experiment.",4,"Max delivery 2.1 mL/s (NEMA17) vs most tabulated commercial pumps at 0.1-0.5 mL/s, i.e. several-fold faster dispensing.",N/A,Build time not reported.,$50 (single pump) / $120 (dual pump),no
103,3D Printing of Individualized Microfluidic Chips with DLP-Based Printer,10.3390/ma16216984,Microfluidics,/Users/iyakavets/Documents/Github/dyi-biofabrication/downloaded_papers/103_3D_Printing_of_Individualized_Microfluidic_Chips_with_DLP-Based_Printer.pdf,3,Smallest feature/positioning evidence about 100-200 um.,3,"Moderate scalability via modularity, batching, or partial automation.",3,Mix of common parts and custom/printed components.,4,Build/operation described as low-skill or basic assembly.,3,Requires accessible but nontrivial lab/maker equipment.,4,Presented as modular or usable across multiple workflows.,3,Some open documentation or files are available.,4,"Validation includes standards, benchmarking, replicates, or multi-condition tests.",4,"Speed evidence suggests rapid, real-time, or automated operation.",N/A,Build time not reported.,N/A,yes
104,Melt Electrowriting of Nylon‐12 Microfibers with an Open‐Source 3D Printer,10.1002/marc.202300424,Microfabrication,/Users/iyakavets/Documents/Github/dyi-biofabrication/pdfs/104_Melt_Electrowriting_of_Nylon_12_Microfibers_with_an_Open_Source_3D_Printer.pdf,4,Smallest feature/positioning evidence about 33 um.,3,Throughput not explicit; assigned moderate default.,3,Mix of common parts and custom/printed components.,4,Build/operation described as low-skill or basic assembly.,3,Requires accessible but nontrivial lab/maker equipment.,4,Presented as modular or usable across multiple workflows.,3,Some open documentation or files are available.,4,"Validation includes standards, benchmarking, replicates, or multi-condition tests.",4,"Speed evidence suggests rapid, real-time, or automated operation.",N/A,Build time not reported.,500,yes
105,A cost-effective and open-source near-field electrospinning system with a graphical user interface,10.1016/j.ohx.2025.e00691,Microfabrication,/Users/iyakavets/Documents/Github/dyi-biofabrication/pdfs/105_A_cost-effective_and_open-source_near-field_electrospinning_system_with_a_graphical_user_interface.pdf,5,Minimum 5 um fiber diameter,3,"Moderate scalability via modularity, batching, or partial automation.",4,Mostly off-the-shelf or kit-based components.,4,Build/operation described as low-skill or basic assembly.,4,Uses common benchtop/desktop equipment or generic consumables.,4,Presented as modular or usable across multiple workflows.,4,Open resources include several build or operation artifacts.,4,"Validation includes standards, benchmarking, replicates, or multi-condition tests.",4,"Speed evidence suggests rapid, real-time, or automated operation.",N/A,Build time not reported.,1200,yes
106,"Low-cost, versatile, and highly reproducible microfabrication pipeline to generate 3D-printed customised cell culture devices with complex designs",10.1371/journal.pbio.3002503,Microfabrication,/Users/iyakavets/Documents/Github/dyi-biofabrication/downloaded_papers/106_Low-cost_versatile_and_highly_reproducible_microfabrication_pipeline_to_generate_3D-printed_customised_cell_cu.pdf,4,Smallest feature/positioning evidence about 20 um.,3,Throughput not explicit; assigned moderate default.,3,Mix of common parts and custom/printed components.,4,Build/operation described as low-skill or basic assembly.,4,Uses common benchtop/desktop equipment or generic consumables.,4,Presented as modular or usable across multiple workflows.,4,Open resources include several build or operation artifacts.,4,"Validation includes standards, benchmarking, replicates, or multi-condition tests.",N/A,No speed envidence.,N/A,Build time not reported.,N/A,yes
107,mSLAb – An open-source masked stereolithography (mSLA) bioprinter,10.1016/j.ohx.2024.e00543,Bioprinting,/Users/iyakavets/Documents/Github/dyi-biofabrication/pdfs/107_mSLAb_An_open-source_masked_stereolithography_mSLA_bioprinter.pdf,4,printing resolution evidence suggests 50 um.,2,Operation appears single-unit or manually constrained.,4,Mostly off-the-shelf or kit-based components.,4,Build/operation described as low-skill or basic assembly.,4,Uses common benchtop/desktop equipment or generic consumables.,2,Application scope appears narrow or proof-of-concept.,4,Open resources include several build or operation artifacts.,2,"Minimal quantitative validation evident, lacks standards, benchmarking, replicates or multi-condition tests. ",N/A,No speed envidence.,N/A,Build time not reported.,500 EUR,yes
108,"Homebrew Photolithography for the Rapid and Low-Cost, “Do It Yourself” Prototyping of Microfluidic Devices",10.1021/acsomega.3c05544,Microfabrication,/Users/iyakavets/Documents/Github/dyi-biofabrication/pdfs/108_Homebrew_Photolithography_for_the_Rapid_and_Low-Cost_Do_It_Yourself_Prototyping_of_Microfluidic_Devices.pdf,5,Smallest feature/positioning evidence about 4.4 um.,2,Operation appears single-unit or manually constrained.,4,Mostly off-the-shelf or kit-based components.,4,Build/operation described as low-skill or basic assembly.,4,Uses common benchtop/desktop equipment or generic consumables.,4,Presented as modular or usable across multiple workflows.,3,Some open documentation or files are available.,4,"Validation includes standards, benchmarking, replicates, or multi-condition tests.",4,"Speed evidence suggests rapid, real-time, or automated operation.",5,Build/setup evidence indicates same-day or <4 h setup.,<300 GBP,yes
109,Mask-Free Laser Lithography for Rapid and Low-Cost Microfluidic Device Fabrication,10.1021/acs.analchem.8b03169,Microfluidics,/Users/iyakavets/Documents/Github/dyi-biofabrication/pdfs/109_Mask-Free_Laser_Lithography_for_Rapid_and_Low-Cost_Microfluidic_Device_Fabrication.pdf,2,Smallest feature/positioning evidence about 200 um.,2,Operation appears single-unit or manually constrained.,3,Mix of common parts and custom/printed components.,4,Build/operation described as low-skill or basic assembly.,4,Uses common benchtop/desktop equipment or generic consumables.,4,Presented as modular or usable across multiple workflows.,3,Some open documentation or files are available.,4,"Validation includes standards, benchmarking, replicates, or multi-condition tests.",4,"Speed evidence suggests rapid, real-time, or automated operation.",N/A,Build time not reported.,N/A,yes
110,A simple method of fabricating mask-free microfluidic devices for biological analysis,10.1063/1.3487796,Microfluidics,/Users/iyakavets/Documents/Github/dyi-biofabrication/pdfs/110_A_simple_method_of_fabricating_mask-free_microfluidic_devices_for_biological_analysis.pdf,3,Smallest feature/positioning evidence about 50-100 um.,2,Operation appears single-unit or manually constrained.,3,Part sourcing complexity not explicit; assigned moderate default.,4,Build/operation described as low-skill or basic assembly.,3,Requires accessible but nontrivial lab/maker equipment.,2,Application scope appears narrow or proof-of-concept.,3,Some open documentation or files are available.,4,"Validation includes standards, benchmarking, replicates, or multi-condition tests.",4,"Speed evidence suggests rapid, real-time, or automated operation.",N/A,Build time not reported.,N/A,yes
111,Building an Arduino-Based Open-Source Programmable Multichannel Syringe Pump: A Useful Tool for Fluid Delivery in Microfluidics and Flow Chemistry,10.1021/acs.jchemed.4c00033,Liquid Handling,/Users/iyakavets/Documents/Github/dyi-biofabrication/pdfs/111_Building_an_Arduino-Based_Open-Source_Programmable_Multichannel_Syringe_Pump_A_Useful_Tool_for_Fluid_Delivery_in_Microfluidics_and_Flow_Chemistry.pdf,4,"Stable droplet generation at 1-10 uL/min in a 250 um chip; 0.0244 uL calculated minimum infused volume, though sub-uL resolution is geometric, never measured.",4,Four independently stepper-driven channels on one CNC shield; programmed off-line mode ran five flow-ratio steps and 0.5 h continuous runs unattended.,3,Mix of common parts and custom/printed components.,4,Build/operation described as low-skill or basic assembly.,3,Requires accessible but nontrivial lab/maker equipment.,2,Application scope appears narrow or proof-of-concept.,3,Some open documentation or files are available.,2,"No gravimetric accuracy or precision data; only a duplicate seal/pressure test and qualitative droplet stability; commercial comparison is functional, not quantitative.",3,No timing comparison to conventional pumping reported; only a qualitative claim that three commercial pumps are harder for beginners to set up.,N/A,Build time not reported.,$25-30,no
112,A User-Centric 3D-Printed Modular Peristaltic Pump for Microfluidic Perfusion Applications,10.3390/mi14050930,Liquid Handling,/Users/iyakavets/Documents/Github/dyi-biofabrication/downloaded_papers/112_A_User-Centric_3D-Printed_Modular_Peristaltic_Pump_for_Microfluidic_Perfusion_Applications.pdf,4,"Minimum reliable flow 3.58 uL/min (0.5 mm ID at 1 RPM) with 2.1% relative error, but control granularity is coarse 1 RPM steps and peristaltic pulsation persists.",4,Three parallel tubing paths agree within 4.2% and two weeks unattended continuous perfusion demonstrated; channels share one motor so not independently controlled.,4,Mostly off-the-shelf or kit-based components.,4,Build/operation described as low-skill or basic assembly.,3,Requires accessible but nontrivial lab/maker equipment.,4,Presented as modular or usable across multiple workflows.,3,Some open documentation or files are available.,3,"Four tubing IDs x six RPMs, n=3-5 with 10 technical replicates, calibration regressions (R2=0.9998) and 10-day temperature log, but no experimental commercial benchmark.",3,"No priming, cycle-time or throughput comparison against commercial pumps or manual handling; only cost and footprint are compared.",N/A,Build time not reported.,~$175,no
115,µPump: An open-source pressure pump for precision fluid handling in microfluidics,10.1016/j.ohx.2020.e00096,Liquid Handling,/Users/iyakavets/Documents/Github/dyi-biofabrication/pdfs/115_µPump_An_open-source_pressure_pump_for_precision_fluid_handling_in_microfluidics.pdf,5,"Pressure resolution 0.02% of a 2-bar span (0.5 mbar LSB, 12-bit DAC), accuracy 0.09%, stability 0.02%; pulsation-free pressure-driven flow with repeatable sub-nL droplets.",4,"Four independently controlled channels built and tested, with PCB/software/BOM documented for eight; unattended continuous operation but no automated fluid switching.",4,Mostly off-the-shelf or kit-based components.,4,Build/operation described as low-skill or basic assembly.,4,Uses common benchtop/desktop equipment or generic consumables.,4,Presented as modular or usable across multiple workflows.,2,Open build documentation is not clearly identified.,4,"Three test days benchmarked head-to-head against a Fluigent MFCS-EZ (step response, hysteresis, stability) plus droplet validation; no leakage, carryover or clogging testing.",3,"Settling to 2 bar under 2 s and actuator steps ~0.2 s, described as practically identical to the Fluigent reference, i.e. comparable rather than faster.",N/A,Build time not reported.,"~$3,000 (4-channel) / ~$5,000 (8-channel)",no
116,micrIO: an open-source autosampler and fraction collector for automated microfluidic input–output,10.1039/c9lc00512a,Liquid Handling,/Users/iyakavets/Documents/Github/dyi-biofabrication/pdfs/116_micrIO_an_open-source_autosampler_and_fraction_collector_for_automated_microfluidic_input_output.pdf,3,Collects 10 uL fractions (measured 9 uL) at 2.58 uL/min with a 7.68 uL flow path; fraction volume is set by timed delay rather than metered.,5,"Serially addresses any of 96 input wells and a 48-vial output rack with automated needle/sheath wash switching; 48 unattended injections, fully scripted in Python.",4,Mostly off-the-shelf or kit-based components.,4,Build/operation described as low-skill or basic assembly.,4,Uses common benchtop/desktop equipment or generic consumables.,4,Presented as modular or usable across multiple workflows.,5,Multiple open resources named: files/code/BOM/protocol documentation.,3,"Carryover quantified three ways (~4-log reduction) across three wash strategies with standard curves and a calibration guide, but no comparison to a commercial autosampler.",3,No timing comparison to manual handling given; absolute throughput is modest at 12.5 min per sample (~5 samples/h).,N/A,Build time not reported.,N/A,no
118,Modular microfluidic systems cast from 3D-printed molds for imaging leukocyte adherence to differentially treated endothelial cultures,10.1038/s41598-019-47475-z,Microfluidics,/Users/iyakavets/Documents/Github/dyi-biofabrication/downloaded_papers/118_Modular_microfluidic_systems_cast_from_3D-printed_molds_for_imaging_leukocyte_adherence_to_differentially_trea.pdf,2,Smallest feature/positioning evidence about 250 um.,2,Operation appears single-unit or manually constrained.,2,Requires specialized or custom-built components.,2,Multiple advanced technical skills appear required.,2,"Requires specialized facilities, equipment, or consumables.",4,Presented as modular or usable across multiple workflows.,3,Some open documentation or files are available.,4,"Validation includes standards, benchmarking, replicates, or multi-condition tests.",N/A,No clear speed comparison found,N/A,Build time not reported.,N/A,yes
119,STARTER: a stand-alone reconfigurable and translational organ-on-chip platform based on modularity and open design principles,10.1039/d5lc00756a,Microfabrication,/Users/iyakavets/Documents/Github/dyi-biofabrication/pdfs/119_STARTER_a_stand-alone_reconfigurable_and_translational_organ-on-chip_platform_based_on_modularity_and_open_design_principles.pdf,1,Smallest feature/positioning evidence about 1500 um.,4,"Evidence of parallel, plate-scale, multi-head, or unattended operation.",3,Mix of common parts and custom/printed components.,4,Build/operation described as low-skill or basic assembly.,3,Requires accessible but nontrivial lab/maker equipment.,4,Presented as modular or usable across multiple workflows.,3,Some open documentation or files are available.,4,"Validation includes standards, benchmarking, replicates, or multi-condition tests.",4,"Speed evidence suggests rapid, real-time, or automated operation.",3,Build/setup appears multi-day but under a week.,N/A,yes
120,Development of a microfluidic-assisted open-source 3D bioprinting system (MOS3S) for the engineering of hierarchical tissues,10.1016/j.ohx.2024.e00527,Bioprinting,/Users/iyakavets/Documents/Github/dyi-biofabrication/pdfs/120_Development_of_a_microfluidic-assisted_open-source_3D_bioprinting_system_MOS3S_for_the_engineering_of_hierarchical_tissues.pdf,3,Dispensed 50-280 uL (n=3) with Bland-Altman error growing as volume falls; printing flow rates 10-30 uL/min producing 250 um strands; no pulsation data.,4,"Three 3D-printed syringe pumps on separate stepper drivers addressed independently by G-code via DISTINCT_E_FACTORS, with automated ink switching and unattended 20-layer gradient prints.",3,Mix of common parts and custom/printed components.,4,Build/operation described as low-skill or basic assembly.,4,Uses common benchtop/desktop equipment or generic consumables.,5,Supports broad or translationally relevant applications.,4,Open resources include several build or operation artifacts.,3,"Multiple volumes, six hydrogel formulations, collapse test and strand/pore measurement against design, but no experimental benchmark against a commercial bioprinter or pump.",3,No timing comparison reported; ink transition took 8 min at 20 uL/min and 16 min at 10 uL/min with no conventional reference.,N/A,Build time not reported.,677 EUR (~$730),yes
121,"Open-source, community-driven microfluidics with Metafluidics",10.1038/nbt.3873,Microfluidics,/Users/iyakavets/Documents/Github/dyi-biofabrication/downloaded_papers/121_Open-source_community-driven_microfluidics_with_Metafluidics.pdf,4,"Valve-defined reaction volumes of 300-650 nL, tenfold below 2-10 uL tube controls, but no quantified volumetric accuracy, drift or pulsation measurements.",5,32 independently programmable pneumatic channels plus 16 pressure outlets; eight control channels drive on-chip mixing of three fluids; multiplexors addressable to thousands of channels.,4,Mostly off-the-shelf or kit-based components.,2,Multiple advanced technical skills appear required.,3,Requires accessible but nontrivial lab/maker equipment.,4,Presented as modular or usable across multiple workflows.,5,Multiple open resources named: files/code/BOM/protocol documentation.,4,"Four assembly biochemistries benchmarked head-to-head against tube reactions (colony yields, digests, sequencing, flow cytometry); metrics are biological rather than fluidic, no leakage/carryover testing.",3,"No timing comparison reported; described as a push-button eight-stage sequence with no cycle, priming or fluid-switching times versus the tube workflow.",N/A,Build time not reported.,N/A,yes
122,Hydrogel Patterns in Microfluidic Devices by Do-It-Yourself UV-Photolithography Suitable for Very Large-Scale Integration,10.3390/mi11050479,Microfabrication,/Users/viprorok/Documents/github/dyi-biofabrication/pdfs/121_Hydrogel_Patterns_in_Microfluidic_Devices_by_Do-It-Yourself_UV-Photolithography_Suitable_for_Very_Large-Scale_Integration.pdf,4,Smallest feature/positioning evidence about 20 um.,2,Operation appears single-unit or manually constrained.,2,Requires specialized or custom-built components.,2,Multiple advanced technical skills appear required.,2,"Requires specialized facilities, equipment, or consumables.",2,Application scope appears narrow or proof-of-concept.,3,Some open documentation or files are available.,4,"Validation includes standards, benchmarking, replicates, or multi-condition tests.",N/A,No speed envidence.,N/A,Build time not reported.,N/A,yes
