assessment_index,title,doi,primary_link,year,venue,category,technology_type,system_or_technology,modality,keep,what_is_open_sourced,why_it_matters,function,main_advantage,key_performance_metric,scale_throughput,material_reagent_compatibility,open_source_resources,limitation_curated,cost_curated,cost_assessment,build_time_curated,build_complexity_curated,technical_skills_curated,low_cost,easy_to_build,easy_to_use,open_source,ft_license,ft_license_scope,ft_license_evidence,ft_repo_links,ft_dependency_links,ft_cost,ft_cost_evidence,ft_build_time,ft_build_time_evidence,ft_skills_evidence,ft_limitation_evidence,ft_limitation_evidence_2,corpus_slug,corpus_repo_url,corpus_repo_provenance,corpus_repo_state,corpus_licence,corpus_licence_source,corpus_cost,corpus_cost_source,corpus_files,corpus_ease_average,corpus_ease_criteria_count,corpus_skill_level,corpus_documentation_tier,reported_count,metric_motion_accuracy,metric_volumetric_accuracy,metric_cell_viability,metric_unattended_operation,metric_standard_compliance,repo_url,repo_accessible,repo_last_activity,repo_archived,repo_license_api,repo_checked_at,oa_is_open_access,oa_status,oa_is_retracted,oa_cited_by,oa_publication_date,has_pdf,pdf_file,has_markdown,supplementary_count,supplementary_files,supplementary_notes,source_workbooks,score_Resolution,score_Scalability/Throughput,score_Build and Part Sourcing Complexity,score_Skill Complexity,score_Equipment/Cosumable/Facility Requirement Accessibility,score_Application Level,score_Accessibility to documentation,score_Validation/Troubleshooting Complexity,score_Speed/Cycle Time,score_Build Time,score_average_all_criteria
17,3D bioprinting of collagen-based high-resolution internally perfusable scaffolds for engineering fully biologic tissue systems,10.1126/sciadv.adu5905,https://www.science.org/doi/10.1126/sciadv.adu5905,2025,Science Advances,Bioprinting,Bioprinting,,Extrusion,yes,(Verify) Replistruder-associated tooling/design files; paper likely links to open components.,Likely the key Replistruder-associated publication; we should extract the repo link from full text.,,,,,,,,,N/A,,,,Unknown,,Yes,Yes,CC-BY,artifact,Government Works. distributed under a creative commons Attribution license 4.0 (cc BY).,,,$1500,"This performance can also be achieved via our published guides to convert affordable (e.g., <$1500) desktop plastic 3D printers such as the FlashForge Finder with 11- μm reported ac- curacy into 3D bioprinters using open- source syringe pump extrud- ers and Du",8 days,"Further, the increased shear stress resulting from perfusion promotes cellular assembly into VE- Cad+ vascular- like networks spanning 8 to 100 μm in diameter throughout the scaffold in only 8 days’ time.",INTRODUCTION The cardiovascular system is a developmental requirement for all ver- tebrates because it transports oxygen and nutrients to tissues and or- gans and removes metabolic waste.,"Feinberg1,5* Organ- on- a- chip and microfluidic systems have improved the translational relevance of in vitro systems; however, current manufacturing approaches impart limitations on materials selection, non- native mechanical properties, geometric complexity, and cell- driven remodeling into funct","This need for perfusable fluidic networks has posed a major challenge in the bioengineering field, often resulting in the engineering of tissue scaffolds and devices that either constrain thickness to the limits of passive nutrient diffusion (~200 μm) or result in necrotic cores within larger constr",001-3d-bioprinting-of-collagen-based-high-resolution-internally-perfusable-scaffolds-for-engineering-fully-biologic-tissue-s,https://doi.org/10.5281/zenodo.14975240,"full text, verified",unknown,CC-BY-4.0,Zenodo record,,,,3.3,8,medium,moderate,1,100 mm,not reported,not reported,not reported,not reported,https://doi.org/10.5281/zenodo.14975240,yes,,no,,2026-09-29,yes,gold,no,84,2025-04-23,yes,017_3D_bioprinting_of_collagen_based_high_resolution_internally_perfusable_scaffolds_for_engineering_fully_biologic_tissue_s.pdf,yes,0,,,bioprinting,3,3,3,2,3,4,4,4,4,N/A,3.33
49,A Custom Ultra-Low-Cost 3D Bioprinter Supports Cell Growth and Differentiation,10.3389/fbioe.2020.580889,https://doi.org/10.3389/fbioe.2020.580889,2020,,Bioprinting,Bioprinting,,,yes,,,,,,,,,,,230,,,,,,,,,,,,,"$1,370","(C)Quantificationofthepercentageofthealkalinephosphataseareain3Dcultures(+HAPand-HAP;n=3).(D)RT-qPCRoffourosteogenicrelatedgenes (Osteopontin,AlkalinePhosphatase,CollagenTypeI,andRunx2)from+HAP/PMafter3weeksofcultureinPM.Geneexpressionisrelativetotheexpression",2 weeks,"FrontiersinBioengineeringandBiotechnology|www.frontiersin.org 3 November2020|Volume8|Article580889 | fbioe-08-580889 | | November2,2020 | | | Time:12:48 | #4 | | | | | | | | | | | | --------------- | -------------- | -------------- | --- | --- | ---------- | -","All 3D models of the replacementofanimalmodels(Yunetal.,2018),thusreducing | | | | | | | | | | components | were | converted | into | printable | gcode | instructions | | | --- | --- | --- | --- | --- | --- | --- | --- | --- | ---------- | ---- | --------- | ---- | --------- | ----- | ------------ |","In the case of the 27G nozzle, our Following the bioprinter’s calibration, we synthesized bioinks system could not provide the required higher pressure for the based on low cost polymer precursors (alginate, gelatin). extrusion, hence the printing outcome was under extruded As shown in Figures 2, 3,",,052-a-custom-ultra-low-cost-3d-bioprinter-supports-cell-growth-and-differentiation,,,none,,,230,criteria assessment,,3.5,8,medium,moderate,0,not reported,not reported,not reported,not reported,not reported,,,,,,,yes,gold,no,66,2020-11-04,yes,049_A_Custom_Ultra_Low_Cost_3D_Bioprinter_Supports_Cell_Growth_and_Differentiation.pdf,yes,1,052_Presentation_1/,Supplementary figures and primer table (PDF) plus six videos; no repository named despite the availability statement,download_manifest,1,4,4,4,4,4,3,4,4,N/A,3.56
38,A Versatile Open-Source Printhead for Low-Cost 3D Microextrusion-Based Bioprinting,10.3390/polym12102346,https://doi.org/10.3390/polym12102346,2020,Polymers,Bioprinting,Bioprinting,Microextrusion-based bioprinting printhead,Extrusion,yes,Open-source printhead design for microextrusion bioprinting.,Shows an open printhead design path for lowering barriers to microextrusion bioprinting.,Open-source printhead that converts standard desktop 3D printers into bioprinters,Very low cost; full thermal control; multi-material capable; broad compatibility with common desktop 3D printers,Precise temperature control 2-60C; cell viability >90% at 24 h post-printing,Modular -- multiple printhead units can be combined on one carriage for multi-material printing,"Validated with gelatin, alginate, and poloxamer bioinks; broad printer compatibility (3 different desktop printers tested)",GitHub and NIH 3D Print Exchange,"no long-term viability metrics, | Limited print resolution compared to specialized commercial microextrusion systems; shear stress on cells remains a consideration",<70 USD,70,Not reported,Low-Moderate,3D printing; basic electronics wiring; installation on existing desktop 3D printer,Yes,yes,yes | Yes,Yes,,,,https://3dprint.nih.gov/users/telab,https://github.com/slic3r/Slic3r,"$10,000","Some commercial models such as the 3D-Bioplotter ® ® from Envisiontec [20], or 3DDiscovery and BioFactory from RegenHU [21,22] are considered thebesthigh-endstandardizedequipmentwithpositionalprecisionupto1µmatprohibitivecost. ® Recently,newcompaniessuchasAlle",30 min,"After the pre- established 30 min of stabilization time for the 10%Gel-2%Alg bioinks, cell-laden lattice constructs were created with our printhead, cross-linked, and incubated with fresh medium.","HeatingtheAlblockfrom22to37 Cdid ◦ notlastmorethan2minwiththeheatsinktemperatureonlydecreasing6 C(Figure1B).Ontheother ◦ hand,coolingdowntheAlblockfrom22to5 Cspentmuchmoretime(around13min)(Figure1C) ◦ butthetemperatureoftheheatsinksneverexceeded32 C.Undertheseconditions,thevariationof thesteady-stat",This is an important limitation intheX-axis(around320µmforthelargestsquares).,Thisisanimportantlimitationbecauseitwas because it was impossible to create concentric squares of 14 mm side and more than eight layers with impossibletocreateconcentricsquaresof14mmsideandmorethaneightlayerswiththismachine. this machine.,008-a-versatile-open-source-printhead-for-low-cost-3d-microextrusion-based-bioprinting,https://3dprint.nih.gov/users/telab,"full text, verified",unknown,,,<70 USD,curated workbook,,3.6,8,high,moderate,1,not reported,not reported,90%,not reported,not reported,https://3dprint.nih.gov/users/telab,yes,,no,,2026-09-28,yes,gold,no,23,2020-10-13,yes,038_A_Versatile_Open_Source_Printhead_for_Low_Cost_3D_Microextrusion_Based_Bioprinting.pdf,yes,0,,,bioprinting | old_table | summary,3,3,4,4,4,4,4,4,3,N/A,3.67
19,An Open-Source 3D Bioprinter Using Direct Light Processing for Tissue Engineering Applications,10.3390/inventions10050092,https://www.mdpi.com/2411-5134/10/5/92,2025,Inventions (MDPI),Bioprinting,Bioprinting,,"DLP, Vat photopolymerization",yes,Open-source bottom-up DLP bioprinter (control architecture + custom interface; verify shared files).,Extends the table beyond extrusion: open-source light-based bioprinting hardware.,,,,,,,,,2045 EUR (excluding the projection system),,,,yes,,yes,yes,,,,https://osf.io/nzfer,,,,,,The regulationcapacityrrequiredfortheadjustmentscrewswasmodeledasfollows: | | r = | l r sinα | | (6) | | --- | --- | -------- | --- | --- | wherel isthedistancebetweenonescrewandthelinejoiningtheothertwo. r Residual misalignment was estimated by comparing the maximum error with the designregulationr,"Fortheothertwo,thegreaterdeviationsareattributabletotheirfabricationvia3Dprinting rather than high-speed machining, since this technique imposes stricter limitations on manufacturingtolerances.","From an application standpoint, the measured positioning and distance accuracy (50µm-75µm)remainedsignificantlyhigher-bymorethananorderofmagnitude-than thetypicallayerthicknessinbioprinting,whichislargelyconstrainedbycelldimensions.",010-an-open-source-3d-bioprinter-using-direct-light-processing-for-tissue-engineering-applications,https://osf.io/nzfer,"full text, verified",unknown,,,2045 EUR (excluding the projection system),criteria assessment,,3.3,8,medium,moderate,0,not reported,not reported,not reported,not reported,not reported,https://osf.io/nzfer,yes,,no,,2026-09-28,yes,gold,no,0,2025-10-17,yes,019_An_Open_Source_3D_Bioprinter_Using_Direct_Light_Processing_for_Tissue_Engineering_Applications.pdf,yes,0,,,bioprinting | old_table | summary,4,4,3,2,2,4,3,4,4,N/A,3.33
33,An open source extrusion bioprinter based on the E3D motion system and tool changer to enable FRESH and multimaterial bioprinting,10.1038/s41598-021-00931-1,https://www.nature.com/articles/s41598-021-00931-1,2021,Scientific Reports,Bioprinting,Bioprinting,,"Extrusion, FRESH",yes,Hardware + toolchanger-based platform enabling FRESH + multimaterial workflows.,Open-source multimaterial/FRESH-enabling design; very aligned with ‘Replistruder-like’ tooling.,,,,,,,no commercial benchmarking,,N/A,,,,Yes,,Yes,Yes,,,,,,,,,,,,,009-an-open-source-extrusion-bioprinter-based-on-the-e3d-motion-system-and-tool-changer-to-enable-fresh-and-multimaterial-bi,,,none,,,,,bom | cad | firmware,3.1,7,medium,moderate,1,not reported,not reported,90%,not reported,not reported,,,,,,,yes,gold,no,32,2021-11-03,yes,033_An_open_source_extrusion_bioprinter_based_on_the_E3D_motion_system_and_tool_changer_to_enable_FRESH_and_multimat.pdf,yes,4,009_MOESM4_ESM.docx | 009_MOESM1_ESM.xlsx | 009_Printer_components_STL_and_STEP_files/ | 009_Slicing_profiles_configuration_files_and_macros/,"Supplementary information cover: lists the three data packages | Supplementary Data 1: bill of materials (parts, product names, links; no prices) | Supplementary Data 2: 28 STL/STEP files (tools, enclosure, calibration mounts) | Supplementary Data 3: Duet config and macros, firmware binaries, Simplify3D profiles (69 files)",bioprinting | old_table | summary,3,4,3,3,3,4,2,4,N/A,N/A,3.25
25,Design and Implementation of an Accessible 3D Bioprinter: Benchmarking the Performance of a Home-Made Bioprinter against a Professional Bioprinter,10.3390/app131810213,https://www.mdpi.com/2076-3417/13/18/10213,2023,Applied Sciences (MDPI),Bioprinting,Bioprinting,,Extrusion,yes,Accessible/home-made bioprinter design + benchmarking (verify availability of source files).,"If files are shared, this is a solid ‘DIY vs commercial’ benchmarking reference.",,,,,,,,,N/A,,,,Yes,,Yes,Yes,CC-BY,article,This article is an open access article distributed under the terms and conditions of the Creative Commons Attribution (CC BY) license (https:// creativecommons.org/licenses/by/ 4.0/).,,https://github.com/Ultimaker/Cura/releases,,,15 min,"Brieﬂy, the constructs were washed once with PBS, and Live/Dead reagent was added in a 1:1 ratio with phosphate-buffered saline (PBS) for 15 min at room temperature.",Acknowledgments: The authors acknowledge Kentstrapper S.r.l. for providing the commercial VERVE 3D printer and for their expertise and technical assistance.,"However, the impact of 3D bioprinting on research is limited by the high costs of professional 3D bioprinters, which represent an obstacle to the widespread access and usability of this technology.",,015-design-and-implementation-of-an-accessible-3d-bioprinter-benchmarking-the-performance-of-a-home-made-bioprinter-against-,,,none,,,,,,3.4,8,medium,moderate,2,1300 µm,not reported,87%,not reported,not reported,,,,,,,yes,gold,no,2,2023-09-11,yes,025_Design_and_Implementation_of_an_Accessible_3D_Bioprinter_Benchmarking_the_Performance_of_a_Home_Made_Bioprinter_against_.pdf,yes,0,,,bioprinting,3,3,3,4,3,3,3,4,4,N/A,3.33
21,Design and Validation of a Piston-Driven Syringe-Extrusion Bioprinter Using an FDM Frame,10.3390/biomimetics10120811,https://www.mdpi.com/2313-7673/10/12/811,2024,(MDPI journal; see landing),Bioprinting,Bioprinting,,Extrusion,yes,Piston-driven syringe extrusion bioprinter using an FDM frame (verify open CAD/files).,Another replicable syringe-extrusion build pattern; include if authors provide files.,,,,,,,,,N/A,,,,yes,,Yes,Yes,CC-BY,article,This article is an open access article distributed under the terms and conditions of the Creative Commons Attribution (CC BY) license (https://creativecommons.org/ licenses/by/4.0/).,,,,,,,These steps limit the use of FDM for hydrogel printing and other soft tissue constructs because the required temperatures and melt conditions are not compatible with most aqueous bioinks.,"In contrast, SLA and DLP offer superior resolution and rapid printing speeds but are constrained by limited light penetration, scattering within opaque hydrogels, and a narrow selection of compatible photopolymers [8].","Practically, agar/alginate blends above ~3 g/L could not be driven reliably.",016-design-and-validation-of-a-piston-driven-syringe-extrusion-bioprinter-using-an-fdm-frame,,,none,,,,,,3.3,8,medium,moderate,1,not reported,not reported,86.3%,not reported,not reported,,,,,,,yes,gold,no,1,2025-12-04,yes,021_Design_and_Validation_of_a_Piston_Driven_Syringe_Extrusion_Bioprinter_Using_an_FDM_Frame.pdf,yes,0,,,bioprinting,2,3,4,2,4,4,3,4,4,N/A,3.33
39,"Design of an Open-Source, Low-Cost Bioink and Food Melt Extrusion 3D Printer",10.3791/59834,https://www.jove.com/t/59834/design-an-open-source-low-cost-bioink-food-melt-extrusion-3d,2020,JoVE,Bioprinting,Bioprinting,,Extrusion,yes,Open-source low-cost extrusion printer design (bioink + food melt extrusion) with build guidance.,Concrete reproducible build/protocol paper; directly aligned with ‘new open tools’ ask.,,,,,,,,,240,,,,yes,,yes,yes,,,,,,,,,,,,,018-design-of-an-open-source-low-cost-bioink-and-food-melt-extrusion-3d-printer,,,none,,,240,criteria assessment,protocol,3.3,8,medium,moderate,,n/a (full text not held),n/a (full text not held),n/a (full text not held),n/a (full text not held),n/a (full text not held),,,,,,,no,closed,no,6,2020-03-02,no,,no,0,,,bioprinting,1,2,3,4,4,4,4,4,4,N/A,3.33
26,Development and implementation of a significantly low-cost 3D bioprinter using recycled scrap material,10.3389/fbioe.2023.1108396,https://www.frontiersin.org/journals/bioengineering-and-biotechnology/articles/10.3389/fbioe.2023.1108396/full,2023,Frontiers in Bioengineering and Biotechnology,Bioprinting,Bioprinting,Microextrusion bioprinter | Microextrusion bioprinter (recycled scrap material),Extrusion,yes,Low-cost bioprinter build approach using recycled/scrap materials (verify design files).,Shows extreme cost-reduction approach; practical for access/democratization discussions.,Low-cost 3D bioprinter built from recycled scrap metal and off-the-shelf electronics; no 3D printer required to build it,Can be built from locally-sourced/scrap materials without needing a 3D printer; increases accessibility and is useful for teaching basic bioprinting techniques,Z-axis step resolution of 10 um; 40 mm/s max non-printing move speed; 2-10 mm/s typical print speed,Single-construct printer,"Demonstrated with alginate/gelatin bioink blends, incl. calcium chloride crosslinking","GitHub, CAD files, assembly schematics",Resolution/precision tradeoffs from using scrap/recycled components; build quality may vary with available scrap materials,260 USD | 260,120-260,Not reported,Moderate,Metalworking/scrap fabrication; basic electronics assembly; no 3D printer access required,yes,yes,maybe | yes,yes,,,,,,,,,,,,,020-development-and-implementation-of-a-significantly-low-cost-3d-bioprinter-using-recycled-scrap-material,,,none,,,260 USD | 260,curated workbook,cad | schematics,3.6,7,high,moderate,1,10 µm,not reported,not reported,not reported,not reported,,,,,,,yes,gold,no,14,2023-04-07,yes,026_Development_and_implementation_of_a_significantly_low_cost_3D_bioprinter_using_recycled_scrap_material.pdf,yes,0,,,bioprinting | old_table | summary,N/A,2,4,4,3,2,4,4,4,N/A,3.38
31,Development of a high-performance open-source 3D bioprinter,10.1038/s41598-022-26809-4,https://pmc.ncbi.nlm.nih.gov/articles/PMC9805454/,2022,Scientific Reports,Bioprinting,Bioprinting,,Extrusion,yes,Hardware design + build details for a bioprinter platform (verify repo in paper).,Canonical ‘Feinberg lab’ open-source bioprinter paper; directly in-scope for new open tools.,,,,,,,"no cell viability or functional validation, how reproducible is the building (e.g. build time, failure rate, user variability)",,<$900,,,,Yes,,Yes,Yes,,,,,,,,,,,,,021-development-of-a-high-performance-open-source-3d-bioprinter,https://doi.org/10.5281/zenodo.7496012,"full text, verified",unknown,CC-BY-4.0,Zenodo record,<$900,criteria assessment,,3.6,8,medium,moderate,1,8.7 µm,not reported,not reported,not reported,not reported,https://doi.org/10.5281/zenodo.7496012,yes,,no,,2026-09-29,yes,gold,no,61,2022-12-31,yes,031_Development_of_a_high_performance_open_source_3D_bioprinter.pdf,yes,0,,,bioprinting | old_table | summary,3,3,3,4,4,2,4,4,4,N/A,3.44
23,Extrusion-Based Bioprinting in a Cost-Effective Bioprinter,10.3390/machines12080518,https://www.mdpi.com/2075-1702/12/8/518,2024,Machines (MDPI),Bioprinting,Bioprinting,,Extrusion,yes,Cost-effective bioprinter design (verify open-source release of files).,Potential additional low-cost design reference; needs verification for open files.,,,,,,,,,"<$1,500",,,,Yes,,No,Partially (approach is open-source but no Github repository or design files),CC-BY,article,This article is an open access article distributed under the terms and conditions of the Creative Commons Attribution (CC BY) license (https:// creativecommons.org/licenses/by/ 4.0/).,,,,,30 min,"This setup, in conjunction with the UV sterilization lamp, is started 30 min before the bioprinting process to ensure sterility of the chamber. 3.3.","The modification addresses the challenges of the high cost of commercial bioprinters, limited adaptability, and specialized personnel requirements.",,,023-extrusion-based-bioprinting-in-a-cost-effective-bioprinter,,,none,,,"<$1,500",criteria assessment,,3.1,7,medium,moderate,1,1 µm,not reported,not reported,not reported,not reported,,,,,,,yes,gold,no,9,2024-07-30,yes,023_Extrusion_Based_Bioprinting_in_a_Cost_Effective_Bioprinter.pdf,yes,0,,,bioprinting,3,3,2,4,3,4,3,4,N/A,N/A,3.25
11,LusoBioMaker: A low-cost 3D bioprinter with multi-extrusion and contour printing capabilities for thermo- and photocurable hydrogels towards complex tissue fabrication,10.1016/j.bprint.2025.e00425,https://doi.org/10.1016/j.bprint.2025.e00425,2025,,Bioprinting,Bioprinting,,,yes,,,,,,,,,,,830.19 (excluding the cost of the printer),,,,,,,,CC-BY,article,This is an open access article under the CC BY license ( http://creativecommons.org/licenses/by/4.0/ ).,,,$900,"Here, we present LusoBio- Maker, an open-source bioprinter that delivers commercial-grade performance for under $900 of materi.",5 min,"The construct was then transferred to a 37 Q water bath for 5 min where κ-carrageenan underwent a gel-sol tran- sition and diffused out through the open base, leaving a clear, hollow hydrogel shell. 2.3.8.","In addition, they require large quantities of bioinks, often consisting of costly natural polymers and/or optimised proprietary and expensive bioink’s formulations.","However, the high cost of equipment is frequently a significant limitation for implementing these approaches.","To circumvent these limitations, many groups have also developed low-cost, open-source extrusion bioprinters in-house [18], whose main features are summarised in Table 1, including the solution proposed in this work, LusoBioMaker.",048-lusobiomaker-a-low-cost-3d-bioprinter-with-multi-extrusion-and-contour-printing-capabilities-for-thermo-and-photocurable,,,none,,,735.56 EUR including the Ender-3 V2 printer (324.39 EUR); 411.17 EUR without it,curated: supplementary bill of materials,bom | documentation,2.6,8,medium,moderate,3,<50 µm positional error,not reported,97 %,not reported,ISO 230,,,,,,,yes,hybrid,no,1,2025-07-04,yes,011_LusoBioMaker_A_low_cost_3D_bioprinter_with_multi_extrusion_and_contour_printing_capabilities_for_thermo_and_photocurable.pdf,yes,1,048_mmc1.pdf,"Supporting Information: bill of materials with costs (total 735.56 EUR incl. printer), print parameters, G-code modifications, figures; no link or licence",download_manifest,3,2,3,2,2,4,3,4,2,N/A,2.78
36,Open-source hybrid 3D-bioprinter for simultaneous printing of thermoplastics and hydrogels,10.1016/j.ohx.2021.e00230,https://www.sciencedirect.com/science/article/pii/S2468067221000596,2021,HardwareX,Bioprinting,Bioprinting,,Extrusion,yes,Hybrid printer upgrade enabling simultaneous thermoplastic + hydrogel (bioprinting) printing.,Open-hardware path to hybrid scaffolds (structural polymer + hydrogel/cell-laden inks).,,,,,,,,,1150,,,,Yes,,Yes,Yes,GPL,artifact,Specificationstable Hardwarename Prusai3MK3withmicroextrusionmoduleupgradeforhybrid3D-bioprinting Subjectarea (cid:1) Medical(e.g.PharmaceuticalScience) (cid:1) EngineeringandMaterialScience Hardwaretype (cid:1) Bioprinter OpenSourceLicense GPLv3 CostofHardwar,https://www.thingiverse.com/thing:2995480,https://github.com/makerbase-mks/MKS-RUMBA-Plus/tree/master/hardware/MKS%20RUMBA%2B%20V1,€ 769.00,Designator Component Number Costperunit- Totalcost- Sourceofmaterials Ordernumber Materialtype | | | currency | currency | | | | | --- | --- | -------- | -------- | --- | --- | --- | FDM3D-printer Prusai3MK3 1 769.00€ 769.00€ PrusaResearch PRI-MK3S-KIT-ORG-PEI,,,Thepresented3D-bioprinterisbasedonaconventionalPrusai3MK3printerandfeatures Keywords: twoindependentprintheads:theoriginalFDM-headandasyringe-basedmicroextrusion Hybridprinting printheadforsoftmaterials.Modificationsweredesignedmodularlytofitvarioussyringefor- 3D-Bioprinting matsorheatingelementstot,"In all the previously presented approaches, the 3D-bioprinter cannot automatically alternate between plastic and gel extrusionduringtheprintingprocesstocreateahybridmulti-materialconstruct.Eitheronlyasinglematerialcanbeprinted atatime,oritispossibletoswitchmanuallyorsemi-automaticallybetweentwodiffe","WhenconnectingtheRumba+boardtothe3D-printer,somecomponentscannotbeeasilyconnectedtotheboard.Either duetotheirconnectorshapeorsize.ThesecomponentsaremarkedwithredarrowsinFig.6.Thepossibilitiestoconnectone ofthosecomponentsareeitherusinganadaptertoconnectthemorchangetheconnectorofthewires.Inthissetup,",032-open-source-hybrid-3d-bioprinter-for-simultaneous-printing-of-thermoplastics-and-hydrogels,https://doi.org/10.17632/ywb5zdjk5x.1,curated,unknown,GPL,paper text,1150,criteria assessment,,3.9,8,medium,moderate,0,not reported,not reported,not reported,not reported,not reported,https://doi.org/10.17632/ywb5zdjk5x.1,yes,,no,,2026-09-19,yes,gold,no,49,2021-09-15,yes,036_Open_source_hybrid_3D_bioprinter_for_simultaneous_printing_of_thermoplastics_and_hydrogels.pdf,yes,0,,,bioprinting,3,4,4,4,3,4,5,4,4,N/A,3.89
16,Srishti: a custom-built laser-assisted 3D bioprinter for fabricating high-resolution biological constructs,10.1186/s44330-025-00051-6,https://link.springer.com/article/10.1186/s44330-025-00051-6,2026,BMC Methods,Bioprinting,Bioprinting,,Laser-assisted,yes,Custom-built laser-assisted 3D bioprinter methodology (verify if designs/software are openly released).,2026 methods paper; brings recency and a non-extrusion modality.,,,,,,,,,N/A,,,,unknown,,no,no,,,,,,,,,,,,,041-srishti-a-custom-built-laser-assisted-3d-bioprinter-for-fabricating-high-resolution-biological-constructs,,,none,,,,,,2.9,8,medium,moderate,3,70 mm,not reported,90%,not reported,ASTM 52900,,,,,,,yes,hybrid,no,1,2026-01-12,yes,016_Srishti_a_custom_built_laser_assisted_3D_bioprinter_for_fabricating_high_resolution_biological_constructs.pdf,yes,0,,,bioprinting,4,2,3,2,2,3,3,4,3,N/A,2.89
107,mSLAb–An open-source masked stereolithography (mSLA) bioprinter,10.1016/j.ohx.2024.e00543,https://doi.org/10.1016/j.ohx.2024.e00543,2024,,Bioprinting,Bioprinting,,,yes,,,,,,,,,,,500 EUR,,,,,,,,CC-BY-SA,artifact (spec table),CC-BY-SA — Location of the file CC-BY-SA 4.0 CC-BY-SA 4.0 CC-BY-SA 4.0,,,€350,"With mSLAb, we present a low-cost and open-source high-resolution 3D bioprinter based on masked SLA (mSLA). mSLAb is based on an entry-level (€350) desktop mSLA printer (Phrozen Sonic Mini 4 K), equipped with temperature control and humidification of the print",,,All required 3D printed parts can be printed with the same printer that is being modified. ◦ The commercially available Lumen X DLP bioprinter by Cellink offers similar pixel resolution (35 µm) and temperature control.,"However, EBP also has disadvantages: The printability of proteinaceous, ECM-based hydrogels is limited: As soft hydrogels with poor mechanical stability, 3D geometries printed from ECM proteins show poor shape fidelity and easily collapse under their own weight.","Compared to other techniques, the resolution is rela- tively low because it is limited by the nozzle diameter, which ranges typically from about 100 µm to a few mm [8,9].",047-mslab-an-open-source-masked-stereolithography-msla-bioprinter,,,none,CC-BY-SA,specifications table,500 EUR,criteria assessment,,3.4,7,medium,limited,0,not reported,not reported,not reported,not reported,not reported,,,,,,,yes,gold,no,9,2024-06-12,yes,107_mSLAb_An_open_source_masked_stereolithography_mSLA_bioprinter.pdf,yes,1,047_mmc1.pdf,Supporting Information (HardwareX mmc1),old_table | summary,4,2,4,4,4,2,4,2,N/A,N/A,3.25
45,BIO-SPEC: An open-source bench-top parallel bioreactor system,10.1016/j.ohx.2025.e00670,https://doi.org/10.1016/j.ohx.2025.e00670,2025,,Bioreactors & Cell Culture,Bioreactor,,,yes,,,,,,,,,,,3000-7000,,,,,,,,GPL,artifact (spec table),GPLv3 — GNU GPLv3 Cost of hardware ±6000 EUR for four reactors (1600,https://doi.org/10.17605/OSF.IO/39WSB | https://doi.org/10.17605/OSF.IO,,6000 EUR,"Specifications table Hardware name BIO-SPEC (Bench-top Sterilisable Parallel bioreactor system with Electronic Condenser) Subject area Biological sciences (e.g, general microbiology and bioprocessing) Hardware type Parallel bench-top bioreactor system Closest ",,,"To account for biological variability, replicate reactors are required to run in parallel.","Nevertheless, while open-source peripherals are relatively well-developed, the currently available open-source bioreactors are not suitable for axenic, long-term microbial cultivations in the 0.1-1L scale.","Since the fittings are to be swaged on the pipes though, the condenser cannot be decoupled from the reactors any more unless plastic ferrules are applied. 4 L.",049-bio-spec-an-open-source-bench-top-parallel-bioreactor-system,https://doi.org/10.17605/OSF.IO/39WSB,"full text, verified",unknown,GPL,specifications table,3000-7000,criteria assessment,documentation,3.3,7,medium,moderate,0,not reported,not reported,not reported,not reported,not reported,https://doi.org/10.17605/OSF.IO/39WSB,yes,,no,,2026-09-28,yes,gold,no,1,2025-07-25,yes,045_BIO_SPEC_An_open_source_bench_top_parallel_bioreactor_system.pdf,yes,1,049_mmc1-2.pdf,Supplementary information (HardwareX),download_manifest,N/A,4,3,2,2,4,4,4,4,N/A,3.38
47,Enhanced Growth of Bacterial Cells in a Smart 3D Printed Bioreactor,10.3390/mi14101829,https://doi.org/10.3390/mi14101829,2023,,Bioreactors & Cell Culture,Bioreactor,,,yes,,,,,,,,,,,N/A,,,,,,,,,,,,,7EUR,"Tthhee ccoasltcuof- elanteiorgnys, cfoors ttohfe mcoastet roiafl eannedrguyn,i tccoosst towf emreatceorniadlu acntedd uunsiint gcothste weqeurea ticoonnsdpurcotevdid uedsinbgel othwe: equations provided below: Filamentprice(1000g)× Usedfilament(foreachpart) Co",,,"Itiswidelyrecognizedthatwhendifferentorganisms aresubjectedtospecificconditions(e.g.,temperature,CO percentage,rotationalspeed) 2 Copyright: © 2023 by the authors. within a continuously stirred bioreactor, they experience significant proliferation [4,5].",Each bioreactor has its unique advantages and limitations.,Phelan et al. [18] summarized different types of bioreactors and their limitations.,051-enhanced-growth-of-bacterial-cells-in-a-smart-3d-printed-bioreactor,,,none,,,,,,3,6,medium,moderate,0,not reported,not reported,not reported,not reported,not reported,,,,,,,yes,gold,no,9,2023-09-26,yes,047_Enhanced_Growth_of_Bacterial_Cells_in_a_Smart_3D_Printed_Bioreactor.pdf,yes,0,,,download_manifest,N/A,2,3,3,4,2,2,4,N/A,N/A,2.86
51,The ‘bIUreactor’: an open-source 3D tissue research platform,10.1007/s10439-024-03481-5,https://link.springer.com/article/10.1007/s10439-024-03481-5,2024,Annals of Biomedical Engineering,Bioreactors | Bioprinting,Bioreactor,,,yes,Open-source tissue research platform (not strictly a bioprinter).,May be useful adjacent open tooling for 3D tissue workflows; include or exclude based on strictness.,,,,,,,,,8000,,,,yes,,yes,yes,,,,,,,,,,,,,044-the-biureactor-an-open-source-3d-tissue-research-platform,,,none,,,8000,criteria assessment,bom | documentation | firmware,3.4,8,medium,moderate,2,not reported,not reported,comparable to control (no figure),not reported,ISO 13485,,,,,,,yes,hybrid,no,4,2024-03-26,yes,051_The_bIUreactor_An_Open_Source_3D_Tissue_Research_Platform.pdf,yes,5,044_MOESM1_ESM.pdf | 044_MOESM2_ESM.pdf | 044_MOESM3_ESM.pdf | 044_MOESM4_ESM.pdf | 044_MOESM5_ESM.pdf,"Supplement 1: design requirements | Supplement 2: drawings, parts list, mold information, Arduino code | Supplement 3: Arduino motor control setup and programming (firmware) | Supplement 4: user manual; PreForm files at github.iu.edu/smitlej (institutional login | Supplement 5: itemised costs; full kit $7,986.35 including the Form 3B+ printer ($4,299), consumables per run ~$349",bioprinting | old_table | summary,2,3,4,4,4,4,4,3,3,N/A,3.44
18,"A Low-Cost, Open-Source 3D Printer for Multimaterial and High-Throughput Direct Ink Writing of Soft and Living Materials",10.1002/adma.202414971,https://advanced.onlinelibrary.wiley.com/doi/epdf/10.1002/adma.202414971,2025,Advanced Materials,Custom Printer | Bioprinting,Bioprinting,Printess,"Direct ink writing, Extrusion",yes,Open-source DIW platform targeting soft + living materials with multimaterial/high-throughput.,Adjacent platform for living-material printing; include if you want broader DIW-living-materials tooling.,"Fully DIY (not retrofit) open-source 3D printer for multimaterial, high-throughput direct ink writing",CAD files; GitHub (software + instructions); printess.org,Electronics/microcontroller wiring; 3D printing; laser cutting; mechanical assembly,10 um motion repeatability; +/-5 um positioning repeatability; switching resolution down to 1 mm (5 Hz at 5 mm/s print speed),Multi-nozzle (up to 8 outputs demonstrated); high-throughput multimaterial printing,"CAD files, Github - instructions and software | Wide range of inks/viscosities and curing chemistries, incl. cell-laden biological materials","Full custom build (not a retrofit) at very low cost; high-end multimaterial/multinozzle features rivaling expensive commercial DIW systems; compact (3 kg, 23x23x40 cm)",250 USD | 250,250,Not reported (built from scratch,,,Yes,No,Maybe | Yes,Yes,,,,https://github.com/weiss-jonathan/Printess-Low-Cost-3D-Printer,,$10,"The collective build dimensions are 80 mm x 80 mm x printing remain expensive, typically ranging from $10 000- 80 mm.",2-4days,"The Printess ingfreemodificationofallcomponents.However,existingopen can also be expanded with a number of optional features, in- source 3D printers usually modify off-the-shelf x, y, z-gantry cludingfans,heatbedswithtemperaturecontrol,atouchscreen, systems,[2","The Printess ingfreemodificationofallcomponents.However,existingopen can also be expanded with a number of optional features, in- source 3D printers usually modify off-the-shelf x, y, z-gantry cludingfans,heatbedswithtemperaturecontrol,atouchscreen, systems,[23-32] robotic arms,[33] or even compact ",See the Terms and Conditions (https://onlinelibrary.wiley.com/terms-and-conditions) on Wiley Online Library for rules of use; OA articles are governed by the applicable Creative Commons License www.advancedsciencenews.com www.advmat.de are becoming ubiquitous across educational institutions and inth,"Fourth, the onboardATmega2560,canhost6steppermotorsanddrivers.TMC2208 RUMBAboardislimitedtosixaxes,soitcansupportonlytwo- driverswereusedfortheexperimentsinthismanuscript.Forsaferprinter materialprinting.Alternativeboardscanbeusedthatsupportup operation,thesteppermotordriversshouldbetunedusingtheon-",005-a-low-cost-open-source-3d-printer-for-multimaterial-and-high-throughput-direct-ink-writing-of-soft-and-living-materials,https://github.com/weiss-jonathan/Printess-Low-Cost-3D-Printer,"full text, verified",aging,,,250 USD | 250,curated workbook,cad | documentation | software,3.9,8,medium,moderate,0,not reported,not reported,not reported,not reported,not reported,https://github.com/weiss-jonathan/Printess-Low-Cost-3D-Printer,yes,2025-09-25,no,,2026-09-28,yes,hybrid,no,36,2025-01-02,yes,018_A_Low_Cost_Open_Source_3D_Printer_for_Multimaterial_and_High_Throughput_Direct_Ink_Writing_of_Soft_and_Living_Materials.pdf,yes,1,005_adma202414971-sup-0001-suppmat.docx,Supporting Information (Wiley),bioprinting | old_table | summary,3,4,4,4,3,4,5,4,4,N/A,3.89
105,A cost-effective and open-source near-field electrospinning system with a graphical user interface,10.1016/j.ohx.2025.e00691,https://doi.org/10.1016/j.ohx.2025.e00691,2025,,Electrospinning (biofabrication) | Microfabrication/Electrospinning (biofabrication),Microfabrication,Low-cost near-field electrospinning machine | Low-cost near-field electrospinning (NFES) system,,yes,,,Open-source NFES system with GUI for programmable nanofiber patterning,"User-friendly GUI removes need to understand electrospinning physics; reproducible, programmable fiber patterning (a common limitation of custom-built NFES rigs)",Fiber diameters in the ~6-25 um range reported for related NFES setups (exact resolution not specified in this paper's available excerpt),Single-collector setup (modular extrusion hardware can be added),Polymer solutions (demonstrated with polyethylene oxide); modular design allows new extrusion hardware,design files available on OSF website | Design files on OSF website,Lower throughput/single-setup; reproducibility and fiber consistency still depend on careful calibration,1200 USD,1200,Not reported,Moderate,3D printing; Arduino/electronics; basic GUI software use (no electrospinning-physics expertise required to operate),,yes,yes,,CC-BY-SA,artifact (spec table),CC BY-SA — CC BY-SA 4.0 Cost of hardware USD 1200 Source file repositor,https://doi.org/10.17605/OSF.IO/GK6PC,,,,,,"Achieving such precision, however, requires careful opti- mization and control of multiple parameters, including the applied voltage, polymer concentration, solution viscosity, ambient temperature and humidity, the distance between the syringe tip and the collector, the type of collector, and its mo","To address these limitations, an open-source near-field electrospinning system was developed.","However, this limitation can be addressed by adjusting the lens position-either by screwing it inward or outward-to achieve proper focus.",003-a-cost-effective-and-open-source-near-field-electrospinning-system-with-a-graphical-user-interface,https://doi.org/10.17605/OSF.IO/GK6PC,"full text, verified",unknown,CC-BY-SA,specifications table,1200 USD,curated workbook,cad | software,4,8,high,moderate,1,not reported,15 %,not reported,not reported,not reported,https://doi.org/10.17605/OSF.IO/GK6PC,yes,,no,,2026-09-28,yes,gold,no,1,2025-09-11,yes,105_A_cost_effective_and_open_source_near_field_electrospinning_system_with_a_graphical_user_interface.pdf,yes,0,,,old_table | summary,5,3,4,4,4,4,4,4,4,N/A,4.0
78,A 3D-Printed Plate Handler for Automated Handling of Well Plates on the Opentrons OT-2,10.5206/joh.v9i1.22756,https://doi.org/10.5206/joh.v9i1.22756,2025,Journal of Open Hardware,Liquid Handling,Liquid Handling,,"Automation, High-throughput screening",yes,,,,,,,,,,,GBP 81.34 (add-on parts only),,,,yes,yes,yes,yes,,,,,,,,,,,,,002-a-3d-printed-plate-handler-for-automated-handling-of-well-plates-on-the-opentrons-ot-2,https://github.com/Robertbolt97/Claw-with-OT-2,"full text, verified",aging,MIT,repository host,GBP 81.34 (add-on parts only),criteria assessment,,2.9,8,low,moderate,0,not reported,not reported,not reported,not reported,not reported,https://github.com/Robertbolt97/Claw-with-OT-2,yes,2025-05-13,no,MIT,2026-09-29,yes,gold,no,1,2025-06-11,yes,078_A_3D_Printed_Plate_Handler_for_Automated_Handling_of_Well_Plates_on_the_Opentrons_OT_2.pdf,yes,0,,,liquid_handling | old_table | summary,1,3,4,2,4,5,4,2,3,N/A,3.11
91,A robot-assisted acoustofluidic end effector,10.1038/s41467-022-34167-y,https://doi.org/10.1038/s41467-022-34167-y,2022,Nature Communications,Liquid Handling,Microfluidics,,"Automation, Liquid handling",yes,,Robot arm + acoustofluidic end effector to do microfluidic-style liquid manipulation and automated mixing.,,,,,,,,,N/A,,,,yes,maybe,maybe,no,,,,,,,,,,,,,006-a-robot-assisted-acoustofluidic-end-effector,,,none,,,"<20 USD (acoustofluidic device only, excluding the robotic arm)",curated: article text,software,3.1,8,medium,limited,0,not reported,not reported,not reported,not reported,not reported,,,,,,,yes,gold,no,83,2022-10-26,yes,091_A_robot_assisted_acoustofluidic_end_effector.pdf,yes,4,006_MOESM1_ESM.pdf | 006_MOESM2_ESM.pdf | 006_MOESM16_ESM.pdf | 006_Supplementary_Data/,"Supplementary Information: theory notes and figures; no link, licence or cost | Descriptions of the ten supplementary movies | Program code: Python control of the Dorna robotic arm (software, no licence header) | Source data and MATLAB scripts for Figs 2C, 2D, 6b, S3, S4",liquid_handling | old_table | summary,3,3,3,4,3,4,3,3,3,N/A,3.22
94,Adapting a Low-Cost and Open-Source Commercial Pipetting Robot for Nanoliter Liquid Handling,10.1177/2472630320973591,https://doi.org/10.1177/2472630320973591,2021,(see PMC),Liquid Handling,Liquid Handling,,"Automated pipetting, High-throughput screening",yes,Adaptation/workflow for an open-source commercial liquid handling robot (likely OT-2; verify in full text).,Practical paper showing how open-source hardware is used/adapted in real screening pipelines.,,,,,,,,,"<$6,000",,,,yes,maye,maybe,yes,,,,,,"$6000,","At a total materials cost of less than $6000, including the commercial liquid handler and all modifications, this system is also far less expensive than other platforms with similar capabilities, placing automated nanoliter handling within reach of a far broad",,,"Keywords nanoPOTS, Opentrons, mass spectrometry, sample preparation, liquid handling, automation Introduction Ongoing improvements to bioanalytical instrumentation are leading to ever-decreasing detection limits and sample input requirements that power advances in high-throughput screen- ing, single","To address the high cost of automated liquid handling, the startup company Opentrons (Brooklyn, NY) recently introduced the OT-1 and subsequently the OT-2 systems.26 These are low-cost, open-source solutions for automated pipetting but are limited to microliter volumes and therefore insufficient for",,046-adapting-a-low-cost-and-open-source-commercial-pipetting-robot-for-nanoliter-liquid-handling,,,none,,,"<$6,000",criteria assessment,,3.4,8,medium,moderate,1,not reported,4%,not reported,not reported,not reported,,,,,,,yes,hybrid,no,33,2020-11-20,yes,094_Adapting_a_Low_Cost_and_Open_Source_Commercial_Pipetting_Robot_for_Nanoliter_Liquid_Handling.pdf,yes,1,046_mmc1-suppl.pdf,Supplemental Material (SLAS Technology),liquid_handling | download_manifest,5,3,3,4,3,4,2,4,3,N/A,3.44
75,An open-source programmable smart pipette for portable cell separation and counting,10.1039/c9ra08368e,https://doi.org/10.1039/c9ra08368e,2019,,Liquid Handling,Liquid Handling,,,yes,,,,,,,,,,,N/A,,,,,,,,CC-BY-NC,artifact,| RSC Advances | | | | | | | | | | | | | | | | ------------ | --- | --- | --- | --- | --- | --- | --- | --- | --- | --- | --- | --- | --- | --- | Published on 17 December 2019 PAPER Licensed under CC-BY-NC 3.0 | | | | An | open-source | | | programmable | | | ,,,$21,"Thisjournalis©TheRoyalSocietyofChemistry2019 RSCAdv.,2019,9,41877-41885 | 41877 RSCAdvances Paper Ontheotherhand,activeapproachestypicallyexhibithigh Materials and methods uidic controllability and are easy to generate high-pressure Devicefabrication conditio",,,"Thisjournalis©TheRoyalSocietyofChemistry2019 RSCAdv.,2019,9,41877-41885 | 41877 RSCAdvances Paper Ontheotherhand,activeapproachestypicallyexhibithigh Materials and methods uidic controllability and are easy to generate high-pressure Devicefabrication conditions, despite requiring external pumping a",| RSC Advances | | | | | | | | | | | | | | | | ------------ | --- | --- | --- | --- | --- | --- | --- | --- | --- | --- | --- | --- | --- | --- | Published on 17 December 2019 PAPER Licensed under CC-BY-NC 3.0 | | | | An | open-source | | | programmable | | | smart | | pipette | for | | | --- | --- ,"Peristaltic pumps can be a versatile important for the reliable operation of microuidic devices, alternative to the syringe pumps,11-13 easily creating recircu- | | | oen | | | ow | | | | | | denite | | | | | --- | --- | ---- | --- | --- | --- | --- | --- | --- | --- | --- | ------- | --- | --- ",057-an-open-source-programmable-smart-pipette-for-portable-cell-separation-and-counting,,,none,CC-BY-NC,paper text,,,documentation,3.5,8,medium,moderate,0,not reported,not reported,not reported,not reported,not reported,,,,,,,yes,gold,no,9,2019-01-01,yes,075_An_open_source_programmable_smart_pipette_for_portable_cell_separation_and_counting.pdf,yes,1,057_c9ra08368e1_suppl.pdf,Electronic Supplementary Information (RSC Advances),download_manifest,3,4,3,4,3,4,3,4,4,N/A,3.56
101,Analytical Measurements and Efficient Process Generation Using a Dual–Arm Robot Equipped with Electronic Pipettes,10.3390/en11102567,https://doi.org/10.3390/en11102567,2018,Energies,Liquid Handling,Liquid Handling,,"Automation, Pipetting/dispensing",yes,,Dual-arm robot using electronic pipettes for liquid handling in analytical workflows.,,,,,,,,,N/A,,,,no,no,yes,no,,,,,,,,,,"In general, processes using dual-arm robots can be executedinoneofthreebasicoperationmodes: Non-coordinatedoperation(eacharmexecutesanown independent process), goal-coordinated operation (both arms execute one process), and coordinated bimanual operation (both arms are necessary to execute one proce","DrawbackofManualPipetting Common manual piston-stroke pipettes have a fixed volume or a variable volume ranging typicallyfrom1µLupto10,000µL.Single-andmulti-channeldesignsupto12channelsareavailable.",,011-analytical-measurements-and-efficient-process-generation-using-a-dual-arm-robot-equipped-with-electronic-pipettes,,,none,,,,,,3.1,8,medium,limited,0,not reported,not reported,not reported,not reported,not reported,,,,,,,yes,gold,no,48,2018-09-26,yes,101_Analytical_Measurements_and_Efficient_Process_Generation_Using_a_Dual_Arm_Robot_Equipped_with_Electronic_Pipettes.pdf,yes,0,,,liquid_handling,4,3,4,2,3,4,2,4,3,N/A,3.22
64,Automated Liquid Handler from a 3D Printer,10.1021/acs.jchemed.3c00855,https://doi.org/10.1021/acs.jchemed.3c00855,2024,,Liquid Handling,Liquid Handling,,,yes,,,,,,,,,,,325,,,,,,,,,,,,,$325.,"Here, an Downloaded from pubs.​acs.​org/​jceda8/​article-pdf/​101/​2/​640/​1542395/​ed3c00855.​pdf by guest on 19 September 2026 automated liquid handler using manual pipettes was developed to operate on a commercial hobbyist 3D printer at a cost of US $325.",,,"Arising from an iterative design process that ensured sufficient strength and rigidity, the adapter assembly, when fabricatedbyusing3Dprinting,wasfoundtooperateasitwasintended.Testsconducted found the system to be sufficiently stable and accurate in its positioning, while pipetting accuracywasnotaff",,,054-automated-liquid-handler-from-a-3d-printer,,,none,,,325,criteria assessment,cad | documentation,3.3,8,medium,moderate,1,not reported,not reported,not reported,not reported,ISO 8655,,,,,,,yes,bronze,no,12,2024-01-05,yes,064_Automated_Liquid_Handler_from_a_3D_Printer.pdf,yes,2,054_ed3c00855_si_002/ | 054_ed3c00855_si_001.mp4,"Six SolidWorks part files (.SLDPRT): pipette head, holder, button, complete head assembly -- the CAD | Demonstration video (10 MB)",download_manifest,2,3,3,4,3,4,4,4,3,N/A,3.33
84,"BioCloneBot: A versatile, low-cost, and open-source automated liquid handler",10.1016/j.ohx.2024.e00516,https://pmc.ncbi.nlm.nih.gov/articles/PMC10955647/,2024,HardwareX,Liquid Handling,Liquid Handling,,"Automated pipetting, Liquid handling",yes,BioCloneBot hardware + build for a low-cost open-source automated liquid handler (verify scope of released design files in paper/GitHub).,One of the clearest recent open-hardware liquid-handling robots with a full paper + accessible full text.,,,,,,,,,"$1,151.75 CAD (~$850)",,,,yes,no,yes,yes,GPL,artifact,Specificationstable Hardwarename BioCloneBot(BCB) Subjectarea ∙Engineeringandmaterialscience ∙Biologicalsciences(e.g.microbiologyandbiochemistry) Hardwaretype ∙Biologicalsamplehandlingandpreparation Closestcommercialanalog OpenTronsOT-2 Opensourcelicense GNUGe,https://doi.org/10.17605/OSF.IO/QDP7V | https://www.thingiverse.com/thing:3405002.(,,$2000,Specificationstable Hardwarename BioCloneBot(BCB) Subjectarea ∙Engineeringandmaterialscience ∙Biologicalsciences(e.g.microbiologyandbiochemistry) Hardwaretype ∙Biologicalsamplehandlingandpreparation Closestcommercialanalog OpenTronsOT-2 Opensourcelicense GNUGe,,,"The open-source nature of the system encouragescollaborationandcustomization,enablingresearcherstocontributeandadaptthe technologytospecificexperimentalrequirements.","The DNAcloning BioCloneBot is highly adaptive to user needs and facilitates various liquid handling tasks in 3Dprinting researchanddiagnostics.Itsuser-friendlyinterfaceandprogrammablenaturemakeitsuitable forawiderangeofapplications,fromsmall-scaleexperimentstolargerlaboratorysetups.By utilizingBioCl","Toovercometheselimitations,weproposetheBioCloneBotasanadditiontoexistingopen-sourceliquidhandlingsolutions.The BioCloneBot represents a versatile, low-cost, and open-source automated liquid handler that addresses the aforementioned flaws.",012-bioclonebot-a-versatile-low-cost-and-open-source-automated-liquid-handler,https://github.com/KoaCWells/BioCloneBot,curated,aging,GPL,paper text,"$1,151.75 CAD (~$850)",criteria assessment,,3.5,8,medium,moderate,0,not reported,not reported,not reported,not reported,not reported,https://github.com/KoaCWells/BioCloneBot,yes,2023-10-09,no,,2026-09-19,yes,gold,no,4,2024-02-28,yes,084_BioCloneBot_A_versatile_low_cost_and_open_source_automated_liquid_handler.pdf,yes,0,,,liquid_handling,4,2,4,4,4,4,5,4,1,N/A,3.56
76,Commit: Digital pipette: open hardware for liquid transfer in self-driving laboratories,10.1039/d5dd00336a,https://pubs.rsc.org/en/content/articlelanding/2026/dd/d5dd00336a,2026,Digital Discovery,Liquid Handling,Liquid Handling,Commit: Digital Pipette | Commit: Digital Pipette (v2),Pipetting/dispensing,yes,Digital pipette v2: low-cost 3D-printed liquid transfer device designed for robotic arms with exchangeable tips.,Open hardware for accurate liquid transfer in self-driving labs; reports accuracy within ISO 8655-2 permissible error.,Robot-mounted 3D-printed digital pipette for liquid transfer in self-driving labs,"Open-source, low-cost, ISO-compliant accuracy; integrates with robot arms (not just gantries); disposable-tip compatible",0.2% random error at 10 mL nominal volume (ISO 8655-6); meets ISO 8655-2 accuracy range,Single-channel; compatible with standard two-finger robot grippers; supports tip-exchange for multi-liquid workflows,Compatible with standard commercial pipette tips; contamination-free multi-liquid workflows,GitHub | Design files and documentation on GitHub,Requires a robot arm/gripper to operate -- not a standalone bench tool,300 USD | ~300,300,~10 min assembly (pipette unit itself),Low,3D printing; basic assembly; integration with robot gripper/arm,yes,yes,yes,yes,,,,https://github.com/ac-rad/digital-pipette-v2 | https://github.com/machineagency/science-,,350USD,"Our pipette can be built for under 300 eredvolumeV ,thesystematicerrorh,andtherandomerrorC . | | | | | | | | | | | | | | s | | v | | --- | --- | --- | --- | --- | --- | --- | --- | --- | --- | --- | --- | --- | --- | --- | --- | USD, which falls within the typ",10 minutes,"For | pipette tip | | | Est.3DprintingcostforPLAparts(platform,cover) | | | | | | 35 | | | | | | | | | xed Est.3Dprintingcostforresinparts(syringe,plunger) 125 removal, the robot moves to a position to hook the Electronicparts(Arduino,cables,connectors) 40 pi","Although several open-source liquid | | | | | | | handling | tools | have been developed | | for gantry-type | robots,6,7 | | | ------------ | ------------ | ----------- | ----- | ------- | --- | -------- | ----- | ------------------- | --- | --------------- | ---------- | --- | | spaces using | gan","In this commit paper, we present the digital pipette v2, an updated design that mitigates contaminationriskbyallowingroboticarmstoexchangepipettetips.Thenewhardwareachievesliquid DOI:10.1039/d5dd00336a handlingaccuracywithinthepermissibleerrorrangedefinedbyISO8655-2,supportingabroaderrange | rsc.li/","Although several open-source liquid | | | | | | | handling | tools | have been developed | | for gantry-type | robots,6,7 | | | ------------ | ------------ | ----------- | ----- | ------- | --- | -------- | ----- | ------------------- | --- | --------------- | ---------- | --- | | spaces using | gan",013-commit-digital-pipette-open-hardware-for-liquid-transfer-in-self-driving-laboratories,https://github.com/ac-rad/digital-pipette-v2,"full text, verified",active,,,300 USD | ~300,curated workbook,cad | documentation,2.9,8,high,moderate,2,not reported,0.2%,not reported,not reported,ISO 8655,https://github.com/ac-rad/digital-pipette-v2,yes,2025-11-19,no,,2026-09-28,yes,diamond,no,0,2025-11-19,yes,122_Commit_Digital_pipette_open_hardware_for_liquid_transfer_in_self-driving_laboratories.pdf,yes,0,,,liquid_handling | old_table | summary,1,2,3,4,2,4,4,4,3,5,3.2
66,Establishment of low-cost laboratory automation processes using AutoIt and 4-axis robots,10.1016/j.slast.2022.07.001,https://doi.org/10.1016/j.slast.2022.07.001,2022,,Liquid Handling,Liquid Handling,,,yes,,,,,,,,,,,N/A,,,,,,,,CC-BY-NC,article,This is an open access article under the CC BY-NC-ND license ( http://creativecommons.org/licenses/by-nc-nd/4.0/ ) N.,,,,,75 min,"For example, the manual AAS measurement of 24 samples takes approx- imately 75 min - time that can be used to work on other processes while the automated setup is running.","However, ﬂexibility is required, especially in the SME sector, as they mostly perform project- related, temporary activities.",Limitations such as a lack of collaboration and speed will be addressed in follow- up studies.,"In addition, there are a few low-cost laboratory automation solutions on the market (such as Andrew + or Opentrons), but these do not solve the problem of existing laboratory devices such as thermocyclers, incu- bators or shakers that cannot be integrated into the automation system [ 12 , 13 , 14 , ",055-establishment-of-low-cost-laboratory-automation-processes-using-autoit-and-4-axis-robots,,,none,,,,,documentation,2.9,8,medium,moderate,1,0.05 mm,not reported,not reported,not reported,not reported,,,,,,,yes,diamond,no,22,2022-07-10,yes,066_Establishment_of_low_cost_laboratory_automation_processes_using_AutoIt_and_4_axis_robots.pdf,yes,1,055_mmc2.docx,Supplementary figure S1 (SLAS Technology mmc2),download_manifest,3,3,2,4,3,4,3,4,1,N/A,3.0
70,"EvoBot: An Open-Source, Modular, Liquid Handling Robot for Scientific Experiments",10.3390/app10030814,https://doi.org/10.3390/app10030814,2020,,Liquid Handling,Liquid Handling,,,yes,,,,,,,,,,,<$500,,,,,,,,,,,https://bitbucket.org/afaina/evobliss-hardware | https://bitbucket.org/afaina/evobliss-software | https://www.thingiverse.com/thing:2776125,,"$10,000,","Whilethepriceforcommercialrobotsstartsataround $10,000,theopen-sourcerobotsareatleastoneorderofmagnitudecheaper[12].",,,Thestandalonecontrolleralsoallowsustoprovideallnecessary software and thus eliminate the need for users to manage and update the software.,"applied sciences Article EvoBot: An Open-Source, Modular, Liquid Handling Robot for Scientific Experiments AndresFaiña1,* ,BrianNejati2andKasperStoy1 1 Robots,EvolutionandArtLab(REAL),DepartmentofComputerScience,ITUniversityofCopenhagen, 2300Copenhagen,Denmark;ksty@itu.dk 2 DepartmentofMechanicaland",Anotherdrawbackofopen-sourcehardwareisthatitusuallyneedstobecalibratedtoguarantee that the performance meets the requirements of the application.,056-evobot-an-open-source-modular-liquid-handling-robot-for-scientific-experiments,https://bitbucket.org/afaina/evobliss-hardware,"full text, verified",unknown,,,<$500,criteria assessment,,3.3,8,medium,moderate,0,not reported,not reported,not reported,not reported,not reported,https://bitbucket.org/afaina/evobliss-hardware,yes,,no,,2026-09-28,yes,gold,no,49,2020-01-23,yes,070_EvoBot_An_Open_Source_Modular_Liquid_Handling_Robot_for_Scientific_Experiments.pdf,yes,0,,,download_manifest,3,5,3,4,3,4,2,3,3,N/A,3.33
40,FINDUS: An Open-Source 3D Printable Liquid-Handling Workstation for Laboratory Automation in Life Sciences,10.1177/2472630319877374,https://colab.ws/articles/10.1177/2472630319877374,2020,SLAS Technology,Liquid Handling,Liquid Handling,,"Automation, Liquid dispensing",yes,3D printable liquid-handling workstation (FINDUS) including hardware design files (GitHub).,Strong open-source workstation reference with reported pipetting error metrics; useful comparator to OTTO/digital pipette.,,,,,,,,,<$400,,,,yes,yes,maybe,yes,GPL,artifact,The the FINDUS and programmed the microcontroller with Andrew robot32 can pick up conventional pipets from built- Arduino IDE (integrated development environment) 1.8.8 in racks using a camera to guide the movement of the [General Public License (GPL)].,https://www.thingiverse.com/thing:255519 | https://github.com/laurb9,,$400.,We report the successful 3D printing and assembly of a liquid-handling workstation for less than $400.,50 hours,"Supplemental Figures 1-3 show the layout cir- rebuild liquid-handling robot for less than $400 in material cuit boards for the ESP8266 FINDUS mainboard and the costs, less than 50 hours of construction work, and an addi- peptide synthesis module. tional 50 hou","Only belt pulleys, and joints from Motedis (Ensdorf, Germany). the primary flashing required the serial adaptor.","The ESP8266 was limited to control basic motor movements, while a Python/Arduino- enabled computer was transmitting program instructions by HTTP protocol via WiFi connectivity.",,025-findus-an-open-source-3d-printable-liquid-handling-workstation-for-laboratory-automation-in-life-sciences,https://github.com/FBarthels/FINDUS,curated,aging,GPL-3.0,repository host,<$400,criteria assessment,,3.1,8,medium,moderate,3,2 µm,1.4%,not reported,not reported,ISO8655,https://github.com/FBarthels/FINDUS,yes,2024-06-24,no,GPL-3.0,2026-09-19,yes,hybrid,no,64,2019-09-21,yes,040_FINDUS_An_Open_Source_3D_Printable_Liquid_Handling_Workstation_for_Laboratory_Automation_in_Life_Sciences.pdf,yes,1,025_mmc1-suppl-2.pdf,Supplementary information (HardwareX),liquid_handling | old_table | summary,3,3,3,4,2,2,4,3,3,N/A,3.0
79,Leveraging flexible pipette-based tool changes to transform liquid handling systems into dual-function sample preparation and imaging platforms,10.1016/j.ohx.2025.e00653,https://pmc.ncbi.nlm.nih.gov/articles/PMC12181777/,2025,HardwareX,Liquid Handling,Liquid Handling,,"Automated pipetting, Imaging integration, Tool changing",yes,(Verify) hardware/workflow enabling pipette tool changes; may include open design files.,Recent (2025) HardwareX paper; highly relevant to modular tool concepts like the digital pipette.,,,,,,,,,N/A,,,,no,maybe,no,yes,CC-BY,article,This is an open access article under the CC BY license (http://creativecommons.org/licenses/by/4.0/).,,,"$10,000",HardwareX22(2025)e00653 (continued) Hardwarename AutomatedHydrogelImagingSystem Hardwaretype • Imagingtools • Biologicalsamplehandlingandpreparation • Measuringphysicalpropertiesandin-labsensors Closestcommercialanalog Nocommercialanalogisavailable Open-source,,,"In High-ThroughputMaterialCharacterization addition, the variable nature of these materials requires many experiments to understand the HardwarePlatform underlyingstructure-propertyrelationshipsthatgovernthesematerials.Inthisworkwepresenta new hardware platform that integrates simultaneous pipetting",Thislimitationarises because trans- LiquidHandlingRobot ferringthesematerialstoasuitableimagingplatformiseithertooslowtocapturetheprocessof AutomatedHydrogelFormulation interest or impossible to safely transfer from the synthesis vessel to the characterization.,,027-leveraging-flexible-pipette-based-tool-changes-to-transform-liquid-handling-systems-into-dual-function-sample-preparatio,https://doi.org/10.17632/xc5488grcv.3,"full text, verified",unknown,CC-BY-4.0,specifications table,"110 USD (hardware module; the OT-2 host is ~10,000 USD)",curated: specifications table,,3.1,8,medium,moderate,0,not reported,not reported,not reported,not reported,not reported,https://doi.org/10.17632/xc5488grcv.3,yes,,no,,2026-09-30,yes,gold,no,2,2025-05-02,yes,079_Leveraging_flexible_pipette_based_tool_changes_to_transform_liquid_handling_systems_into_dual_function_sample_preparatio.pdf,yes,1,027_mmc1.mp4,Assembly video (2.5 MB); the design files are on Mendeley Data 10.17632/xc5488grcv.3,liquid_handling | old_table | summary,3,3,3,4,3,4,4,2,3,N/A,3.22
81,Open-source cell culture automation system with integrated cell counting for passaging microplate cultures,10.1093/pnasnexus/pgaf385,https://doi.org/10.1101/2024.12.27.629034,2025,bioRxiv,Liquid Handling,Liquid Handling (not just liquid handling),,"Automated pipetting, Imaging integration, Microscopy integration, Workflow automation",yes,,,,,,,,,,,N/A,,,,no (requires Opentrons OP-2 robot),no,yes,yes,,,,,,,,,,,,,031-open-source-cell-culture-automation-system-with-integrated-cell-counting-for-passaging-microplate-cultures,https://github.com/czbiohub-sf/2024-accs-pub,"full text, verified",active,,,,,,3.4,8,medium,moderate,2,not reported,10%,not reported,walk-away,not reported,https://github.com/czbiohub-sf/2024-accs-pub,yes,2026-01-22,no,,2026-09-29,yes,green,no,0,2024-12-27,yes,081_Open_source_cell_culture_automation_system_with_integrated_cell_counting_for_passaging_microplate_cultures.pdf,yes,0,,,liquid_handling | old_table | summary,2,4,3,4,4,4,4,4,2,N/A,3.44
92,Open-source personal pipetting robots with live-cell incubation and microscopy compatibility,10.1038/s41467-022-30643-7,https://www.nature.com/articles/s41467-022-30643-7,2022,Nature Communications,Liquid Handling,Liquid Handling,Personal Pipetting Robot | Personal Pipetting Robot (PHIL),"Automated pipetting, Incubation, Microscopy integration",yes,Open-source personal pipetting robot platform (PHIL) designed for live-cell workflows.,"Shows open hardware that integrates pipetting + incubation + imaging, closer to ‘robot-compatible’ liquid handling.",Compact liquid handling robot for automated pipetting/aspiration during live-cell incubation and microscopy,Small enough to sit on microscope stages; enables automation during live-cell imaging without disrupting culture conditions; no programming skills required,"~0.1 mm pipette positioning accuracy above well bottom (96-well plate, validated via fluorescence imaging)",Single to multi-pipet (modular; multiple units can be chained together); operates within standard 96-well plates,Compatible with live cells/media; supports immunostaining and stimulation reagents during time-lapse imaging,"GitHub and authors' website, instructions in paper | GitHub and authors' website; instructions in paper",Designed for small-volume/well-plate work -- not built for large-batch or high-volume liquid handling,600-800 USD | 600-800,N/A,Not reported (3D-printed + off-the-shelf assembly),Moderate,3D printing; electronics assembly; basic scripting (no programming experience required for operation),yes,yes,yes,yes,,,,,,,,,,,,,033-open-source-personal-pipetting-robots-with-live-cell-incubation-and-microscopy-compatibility,https://github.com/CSDGroup/PHIL,curated,active,MIT,repository host,600-800 USD | 600-800,curated workbook,documentation,3.8,8,high,moderate,2,0.1 mm,1µl,not reported,not reported,not reported,https://github.com/CSDGroup/PHIL,yes,2025-10-28,no,MIT,2026-09-19,yes,gold,no,39,2022-05-30,yes,092_Open_source_personal_pipetting_robots_with_live_cell_incubation_and_microscopy_compatibility.pdf,yes,0,,,liquid_handling | old_table | summary,3,5,4,4,3,4,4,4,3,3,3.7
100,OpenLH: Open Liquid-Handling System for Creative Experimentation with Biology,10.1145/3294109.3295619,https://www.runi.ac.il/media/pp5bftyk/openlh.pdf,2019,CHI EA (ACM) | (PDF / conference-style),Liquid Handling,Liquid Handling,OpenLH,"Automation, Control software, Pipetting/dispensing | Liquid handling",yes,Open liquid-handling system for experimentation (verify what design assets are available).,Uses a commercial robotic arm + modified pipette + block-based programming; relevant example of robot-arm liquid handling. | Early ‘open liquid handling’ system description; may provide useful design patterns + references.,,,,,,,,,"<$1,000",,,,yes,yes | maybe,yes,yes,,,,,https://github.com/uArm-Developer/pyuarm,$15.00.,"Existing tools that already contribute to ACMISBN978-1-4503-6196-5/19/03...$15.00. http://dx.doi.org/10.1145/3294109.3295619 55 Talk Session 2: Learning and Entertainment TEI'19, March 17--20, 2019, Tempe, AZ, USA thedemocratizationofbiologicalprototypinginclu",,,"Thisprocess,if forprofitorcommercialadvantageandthatcopiesbearthisnoticeandthefullcitation onthefirstpage.CopyrightsforcomponentsofthisworkownedbyothersthanACM realized,maybesimilartoprevioustechnologicalshiftsfrom mustbehonored.Abstractingwithcreditispermitted.Tocopyotherwise,orrepublish, high-endi","The anddesignfilesareavailableinthesupplementarymaterials, dependencyonaspecific,commercial,roboticarmmaybe- and updated versions will be shared online on the project’s comealimitationinthefuture,howeverwithlittleadjustments Instructablespage[23]. thesystemcansupportmanyotherroboticarmswithsimilar a","This is the main limitation but also differentiation is37◦C).Inorderforthebacteriatobecolorfulweusedthe E.colistrainNEBTurbo,thecolorwasinducedby3different | of the OpenLH | system | in a bioprinting | context, | most high- | | | | | | | -------------------------------------------------- | ------ | ",035-openlh-open-liquid-handling-system-for-creative-experimentation-with-biology,https://www.instructables.com/OpenLH/,"full text, verified",unknown,,,"<$1,000",criteria assessment,,3.5,8,low,moderate,0,not reported,not reported,not reported,not reported,not reported,https://www.instructables.com/OpenLH/,yes,,no,,2026-09-29,no,closed,no,48,2019-03-15,yes,100_OpenLH_Open_Liquid_Handling_System_for_Creative_Experimentation_with_Biology.pdf,yes,0,,,liquid_handling | old_table | summary,4,3,4,4,4,4,3,3,3,N/A,3.56
97,OpenWorkstation: A modular open-source technology for automated in vitro workflows,10.1016/j.ohx.2020.e00152,https://eprints.qut.edu.au/206083/,2020,HardwareX,Liquid Handling,Liquid Handling (not just liquid handling),,"Liquid handling (module-based), Workflow automation",yes,Modular open-source workstation concept for life science automation (verify modules include liquid handling).,Useful ‘platform’ paper for building modular open lab automation setups beyond a single device.,,,,,,,,,$900 (base),,,,maybe (less than commercial but not budget-friendly),no,no,yes,,,,https://github.com/SebastianEggert/OpenWorkstation | https://github.com/SebastianEggert/OpenWorkstation_hardware | https://github.com/Smoothieware | https://github.com/SebastianEggert/OpenWorkstation.git,,$900,HardwareX8(2020)e00152 Specificationstable Hardwarename OpenWorkstation:Amodularopensourcetechnologyforautomatedinvitroworkflows Subjectarea (cid:1) EngineeringandMaterialScience (cid:1) ChemistryandBiochemistry (cid:1) Medical(e.g.PharmaceuticalScience) (cid:,6weeks,"HardwareX8(2020)e00152 Table2(continued) Component Source CatalogNumber Quantity Cost/Unit TotalCost (USD) (USD) (Australia) Pneumaticstraightthreaded-to-tubeadapter,G1/8 RSComponentsPtyLty 812-049 2 4.20 8.40 male,pushIn6mm (Australia) Dragchaincablecarrier(1",HardwareX8(2020)e00152 Specificationstable Hardwarename OpenWorkstation:Amodularopensourcetechnologyforautomatedinvitroworkflows Subjectarea (cid:1) EngineeringandMaterialScience (cid:1) ChemistryandBiochemistry (cid:1) Medical(e.g.PharmaceuticalScience) (cid:1) BiologicalSciences(e.g.Microbiologyan,"HardwareX8(2020)e00152 To addressthese limitations,we presentan OSH assemblyline concept,referred toas OpenWorkstation, to developa modularplatformconsistingofcustomizableandready-to-usemodules.Thebasesetupconsistsofapipettingandtransport module,andisdesignedtoexecutebasicprotocolstepsforinvitrorese","Systems Engineering approaches have been discussed in length in the literature [48-51] and suggest the following engineeringapproach.First,the‘ProcessInput’isdefinedbyspecifyingtheuserrequirements,needs,andobjectivesinclud- ingapplication,constraints,andenvironment.Inadditiontoinputrequirements,proc",036-openworkstation-a-modular-open-source-technology-for-automated-in-vitro-workflows,https://github.com/SebastianEggert/OpenWorkstation,curated,stale,CC-BY-SA-4.0,repository host,$900 (base),criteria assessment,,3.6,8,medium,moderate,0,not reported,not reported,not reported,not reported,not reported,https://github.com/SebastianEggert/OpenWorkstation,yes,2022-12-26,no,CC-BY-SA-4.0,2026-09-19,yes,gold,no,43,2020-10-01,yes,097_OpenWorkstation_A_modular_open_source_technology_for_automated_in_vitro_workflows.pdf,yes,3,036_mmc1-3.pdf | 036_mmc2.pdf | 036_mmc3.xlsx,"Build instructions v0.2 (HardwareX mmc1) | Supplementary figures (HardwareX mmc2) | Bill of materials, AUD and USD (HardwareX mmc3)",liquid_handling | old_table | summary,4,4,4,4,3,4,4,3,3,N/A,3.67
88,"PyLabRobot: An open-source, hardware-agnostic interface for liquid-handling robots and accessories",10.1101/2023.07.10.547733 | 10.1016/j.device.2023.100111,https://www.biorxiv.org/content/10.1101/2023.07.10.547733v1.full,2023,bioRxiv | Device,Liquid Handling,Liquid Handling (code),,"Control software | Automation, Control software",yes,Open-source interface software for liquid-handling robots and accessories.,"Not hardware itself, but critical open control layer for heterogeneous open liquid-handling setups.",,,,,,,,,N/A,,,,yes,"n/a (software, not hardware)",yes,yes,,,,https://github.com/PyLabRobot | https://github.com/PyLabRobot/pylabrobot | https://github.com/pytest-dev/pytest | https://github.com/executablebooks | https://github.com/python/mypy | https://github.com/pylint-dev/pylint,,,,,,PyLabRobothasseveralinherentadvantagesoversimilarprojects | | Programmatic | | Interactivecommand-level | | | | | | | --- | ------------ | --- | ------------------------ | --- | --- | --- | --- | --- | Project interface Opensource control Supportsanyoperatingsystem Supportsmultiplerobots | HamiltonV,PyLabRobothasseveralinherentadvantagesoversimilarprojects | | Programmatic | | Interactivecommand-level | | | | | | | --- | ------------ | --- | ------------------------ | --- | --- | --- | --- | --- | Project interface Opensource control Supportsanyoperatingsystem Supportsmultiplerobots | HamiltonV,"Here, we present PyLabRobot, an open-source notfreelyavailabletothepublic,thereislittleopportunityfornew- Pythonframeworkthatprovidesamaximallyflexibleandacces- comerstogainexperiencethrougheducational,testing,orhobby- sibleenvironmentforcreativelyprogrammingliquid-handlingro- istusage.Eachinterface",038-pylabrobot-an-open-source-hardware-agnostic-interface-for-liquid-handling-robots-and-accessories,https://github.com/PyLabRobot/pylabrobot,"full text, verified",active,MIT,repository host,,,,3.1,8,medium,moderate,0,not reported,not reported,not reported,not reported,not reported,https://github.com/PyLabRobot/pylabrobot,yes,2026-09-28,no,MIT,2026-09-28,yes,green,no,0,2023-07-10,yes,088_PyLabRobot_An_open_source_hardware_agnostic_interface_for_liquid_handling_robots_and_accessories.pdf,yes,0,,,liquid_handling | old_table | summary,3,4,3,4,2,4,4,2,3,N/A,3.22
82,Real-time AI-driven quality control for laboratory automation: a novel computer vision solution for the opentrons OT-2 liquid handling robot,10.1007/s10489-025-06334-3,https://doi.org/10.1007/s10489-025-06334-3,2025,Applied Intelligence,Liquid Handling,Liquid Handling,,"Automated pipetting, Automation, Imaging integration",yes,,,,,,,,,,,N/A,,,,no (requires Opentrons OT-2),yes,yes,yes,,,,,,,,,,,,,039-real-time-ai-driven-quality-control-for-laboratory-automation-a-novel-computer-vision-solution-for-the-opentrons-ot-2-li,,,none,,,,,,3.1,8,low,limited,0,not reported,not reported,not reported,not reported,not reported,,,,,,,yes,hybrid,no,8,2025-03-10,yes,082_Real_time_AI_driven_quality_control_for_laboratory_automation_a_novel_computer_vision_solution_for_the_opentrons.pdf,yes,0,,,liquid_handling | old_table | summary,3,5,3,2,3,4,3,3,3,N/A,3.22
93,Sidekick: A Low-Cost Open-Source 3D-printed liquid dispensing robot,10.1016/j.ohx.2022.e00319,https://www.sciencedirect.com/science/article/pii/S2468067222000645,2022,HardwareX,Liquid Handling,Liquid Handling,Sidekick,"Dispensing, Liquid handling",yes,Low-cost open-source 3D-printed liquid dispensing robot (design files in paper/supplement; verify).,HardwareX often includes complete design files + BOM; strong ‘open hardware’ fit.,Low-cost open-source 3D-printed armature-based liquid dispensing robot,"Accessible, easy-to-build and maintain; armature design reduces part count/build time/footprint vs. Cartesian systems; much cheaper than commercial liquid handlers (e.g., OT-2 at $5,000+)",Dispenses liquid in 10 uL increments; positional accuracy via homing system + high-resolution stepper motors,Single 96-well SBS-format plate (4 dispense nozzles: P1-P4),Liquids compatible with solenoid-driven positive-displacement pumps,"all CAD, PCB, firmware, and documentation available on GitHub under an open license | All CAD, PCB, firmware, and documentation on GitHub (open license)","can't aspirate, only dispense (not fully functional like a manual pipette) | Dispense-only -- cannot aspirate, so it is not a full substitute for a manual pipette",710 USD | 710 (motion system alone: 152),710,Under 4 hours (excluding 3D-print time),Low,3D printing; basic electronics; MicroPython/G-code-subset command use,yes,yes,yes,yes,CC-BY,article,This is an open access article under the CC BY license (http://creativecommons.org/licenses/by/4.0/).,https://github.com/rodolfokeesey/Liquid-Handler/tree/main/3D_ | https://github.com/rodolfokeesey/Liquid-Handler/tree/main/PCB | https://github.com/rodolfokeesey/Liquid-Handler/tree/main | https://github.com/rodolfokeesey/Liquid-Handler/blob/main | https://github.com/rodolfokeesey/Liquid-Handler,,$710,"At a total cost of $710 USD, the Sidekick offers laboratories an easy to build, easily maintained, open-source liquid dispensing system for both research and pedagogical introductions to lab automation.",,,"However, this can place such equipment out of reach for resource- limited, basic research and educational laboratories, reducing research productivity and training opportunities [6].","Including the total working area of the armature, the Sidekick is 275 mm long, 215 mm wide, 161 mm tall, which allows it to be used in space-constrained environments.",Several commonly used and widely available drivers were tested to explore the tradeoff between cost and functionality. 4 R.,040-sidekick-a-low-cost-open-source-3d-printed-liquid-dispensing-robot,https://github.com/rodolfokeesey/Liquid-Handler,"full text, verified",stale,,,710 USD | 710 (motion system alone: 152),curated workbook,bom | cad | documentation | firmware | pcb,3.8,8,high,moderate,1,not reported,not reported,not reported,not reported,ANSI SLAS,https://github.com/rodolfokeesey/Liquid-Handler,yes,2023-02-06,no,,2026-09-28,yes,gold,no,37,2022-05-26,yes,093_Sidekick_A_Low_Cost_Open_Source_3D_printed_liquid_dispensing_robot.pdf,yes,0,,,liquid_handling | old_table | summary,3,4,4,4,4,4,5,3,3,5,3.9
46,Technical upgrade of an open-source liquid handler to support bacterial colony screening,10.3389/fbioe.2023.1202836,https://doi.org/10.3389/fbioe.2023.1202836,2023,,Liquid Handling,Liquid Handling,,,yes,,,,,,,,,,,N/A (built on ~$7k OT-2),,,,,,,,,,,https://github.com/sysbio-cnb,https://github.com/facebookresearch/detectron2,,,,,"Thisisanopen-accessarticledistributed COPICKreliesonamountedcameratocaptureimagesofregularPetridishesand underthetermsoftheCreative CommonsAttributionLicense(CCBY). detectmicrobialcoloniesforautomatedscreening.COPICK’ssoftwarecanthen Theuse,distributionorreproductionin | | automatically | select | t","Section 4 presents a according to flexible criteria: colony size, geometry, color, general comparison with commercial solutions (remarking strong luminescence or fluorescence (Stephens et al., 2002; Fabritius and weak points), and an extended discussion about its technical et al., 2018). tradeoffsan","Their performance is thus limited to a set of particular financial resources. conditions (i.e., color of the solid media composition, However,latestadvancesinopen-sourcesoftwareandhardware morphology of colonies, color and intensity of light), and any may turn aside such situation (Villanueva-Cañas ",050-technical-upgrade-of-an-open-source-liquid-handler-to-support-bacterial-colony-screening,https://github.com/sysbio-cnb,"full text, verified",unknown,,,N/A (built on ~$7k OT-2),criteria assessment,,3.3,8,medium,moderate,0,not reported,not reported,not reported,not reported,not reported,https://github.com/sysbio-cnb,yes,,no,,2026-09-28,yes,gold,no,12,2023-06-19,yes,046_Technical_upgrade_of_an_open_source_liquid_handler_to_support_bacterial_colony_screening.pdf,yes,0,,,download_manifest,3,3,3,4,3,4,4,3,3,N/A,3.33
32,A high performance open-source syringe extruder optimized for extrusion and retraction during FRESH 3D bioprinting,10.1016/j.ohx.2020.e00170,https://doi.org/10.1016/j.ohx.2020.e00170,2021,(check full text),Liquid Handling | Bioprinting,Bioprinting,Replistruder 4,"Extrusion, FRESH",yes,Syringe extruder design optimized for FRESH (extrusion + retraction performance).,Directly comparable to Replistruder—an open syringe/extrusion tool that enables better bioink handling.,High-performance open-source syringe extruder for extrusion/retraction control in FRESH 3D bioprinting,"Low cost vs. commercial extruders ($5,000-120,000); enables retraction (precision control unavailable in pneumatic systems); adaptable to many desktop 3D printers",Filaments down to 3.35 nL volume; printed channels patent down to 300 um width; printer travel accuracy <35 um (3 axes),Single-syringe (1uL-10 mL range); multiple units can be combined for multi-material printing,Wide bioink range; compatible with Hamilton gastight syringes (stainless steel/Teflon/glass) and silicone,"CAD File, install guide | CAD files and install guide (HardwareX)","no commercial benchmarking, no biological validation | Requires a separate host 3D printer/motion platform; overall print quality depends on rigidity of that host platform",141 USD + 3D Printer,150,Not reported,Moderate,3D printing; mechanical assembly; mounting/calibration on host printer,Yes,yes,yes | Yes,Yes,CC-BY-SA,artifact (spec table),CC-BY-SA — Location of File CAD and PDF FIle CC-BY-SA 4.0 Replistruder4,,,$150,Speciﬁcations table [please ﬁll in right-hand column of the table below] Hardware name Subject area Hardware type Open Source License Cost of Hardware Source File Repository Replistruder 4 (cid:1) Engineering and Material Science (cid:1) Mechanical engineering,,,"Feinberg a,b,⇑ a Department of Biomedical Engineering, Carnegie Mellon University, Pittsburgh, PA, United States b Department of Materials Science & Engineering, Carnegie Mellon University, Pittsburgh, PA, United States a r t i c l e i n f o a b s t r a c t Article history: Received 22 October 2020 ",,,004-a-high-performance-open-source-syringe-extruder-optimized-for-extrusion-and-retraction-during-fresh-3d-bioprinting,https://doi.org/10.5281/zenodo.4119127,"full text, verified",unknown,CC-BY-4.0,Zenodo record,141 USD + 3D Printer,curated workbook,cad | software,3.6,8,medium,moderate,1,300 µm,not reported,not reported,not reported,not reported,https://doi.org/10.5281/zenodo.4119127,yes,,no,,2026-09-29,yes,gold,no,65,2021-01-01,yes,032_A_high_performance_open_source_syringe_extruder_optimized_for_extrusion_and_retraction_during_FRESH_3D_bioprinting.pdf,yes,0,,,bioprinting | old_table | summary,5,3,3,4,4,5,4,3,3,N/A,3.78
44,Design and Validation of an Open-Hardware Print-Head for Bioprinting Application,10.1016/j.proeng.2015.07.015,https://www.sciencedirect.com/science/article/pii/S1877705815012564,2015,Procedia Engineering,Liquid Handling | Bioprinting,Bioprinting,,Extrusion,yes,Open-hardware printhead design for bioprinting applications.,Dedicated open-hardware printhead paper; good historical anchor beyond syringe conversions.,,,,,,,,,N/A,,,,yes,,yes,yes,CC-BY-NC,article,This is an open access article under the CC BY-NC-ND license (http://creativecommons.org/licenses/by-nc-nd/4.0/).,https://github.com/CentroEPiaggio/IPJ-Bio,,,,,,"The high resolution and the ability to eject small volume drops on diﬀerent types of substrate, without contact and in predeﬁned paths, are the features that enabled DOD technology to expand its application ﬁelds, as biology and materials science where many protocols require the ability to deposit s","In order to overcome these limitations, the aim of the present work is the design, fabrication and validation of an open-source piezoelectric inkjet print-head (PIJ), optimized for the bioprinting ﬁeld.","The boundary conditions, as indicated in ﬁgure 2a, are the “Fixed constraint” (i.e. no displacement) at the right end of the brass disc, “Ground” and “Electric Potential” for the upper and lower boundary of the piezo element respectively, and “axial symmetry” for those boundaries on the axis of symm",017-design-and-validation-of-an-open-hardware-print-head-for-bioprinting-application,https://github.com/CentroEPiaggio/IPJ-Bio,"full text, verified",stale,GPL-2.0,repository host,,,,3.1,7,medium,moderate,1,not reported,not reported,10%,not reported,not reported,https://github.com/CentroEPiaggio/IPJ-Bio,yes,2015-04-30,no,GPL-2.0,2026-09-28,yes,diamond,no,16,2015-01-01,yes,044_Design_and_Validation_of_an_Open_Hardware_Print_Head_for_Bioprinting_Application.pdf,yes,0,,,bioprinting | old_table | summary,N/A,2,3,3,4,4,2,4,4,N/A,3.25
22,Fabrication and validation of an affordable DIY coaxial 3D extrusion bioprinter,10.1038/s41598-025-06478-9,https://www.nature.com/articles/s41598-025-06478-9,2025,Scientific Reports,Liquid Handling | Bioprinting,Bioprinting,,Extrusion,yes,DIY coaxial extrusion bioprinter design (verify repository links in paper).,"Coaxial extrusion expands tool capability (e.g., core–shell) with DIY accessibility.",,,,,,,,,<600 EUR (~$650),,,,Yes,,Yes,Yes,,,,,,,,,,,,,024-fabrication-and-validation-of-an-affordable-diy-coaxial-3d-extrusion-bioprinter,,,none,,,<600 EUR (~$650),criteria assessment,,3.4,8,medium,moderate,1,not reported,not reported,90%,not reported,not reported,,,,,,,yes,gold,no,7,2025-07-02,yes,022_Fabrication_and_validation_of_an_affordable_DIY_coaxial_3D_extrusion_bioprinter.pdf,yes,0,,,bioprinting | old_table | summary,3,4,4,2,4,4,4,3,3,N/A,3.44
41,Nydus One Syringe Extruder (NOSE): A Prusa i3 3D printer conversion for bioprinting applications,10.1016/j.ohx.2019.e00069,https://www.hardware-x.com/article/S2468-0672(18)30087-7/fulltext,2019,HardwareX,Liquid Handling | Bioprinting,Bioprinting,,Extrusion,yes,Syringe-extrusion modification for Prusa i3 enabling syringe-based extrusion for lab use.,Often referenced for syringe-based extrusion designs; adjacent to extrusion bioprinting toolchains.,,,,,,,,,90 (excluding printer),,,,Yes,,Yes,Yes,,,,,,,,,,,,,030-nydus-one-syringe-extruder-nose-a-prusa-i3-3d-printer-conversion-for-bioprinting-applications,https://osf.io/8c9qr,"full text, verified",unknown,GPL-3.0,OSF registration,90 (excluding printer),criteria assessment,,3.1,8,medium,moderate,0,not reported,not reported,not reported,not reported,not reported,https://osf.io/8c9qr,yes,,no,,2026-09-29,yes,gold,no,67,2019-06-11,yes,041_Nydus_One_Syringe_Extruder_NOSE_A_Prusa_i3_3D_printer_conversion_for_bioprinting_applications_utilizing_the_FRES.pdf,yes,1,030_mmc2.zip,"STL set: Adapter, Press, Servoholder, Syringeholder (files dated 2019-06-11; probable attribution -- NOSE is the 2019 syringe-extruder paper and its text names the syringe holder; Sidekick is 2022)",bioprinting | old_table | summary,2,2,3,3,3,4,4,4,4,N/A,3.22
24,The Enderstruder: An accessible open-source syringe extruder compatible with Ender series 3D printers,10.1016/j.ohx.2024.e00510,https://pmc.ncbi.nlm.nih.gov/articles/PMC10847170/,2024,HardwareX,Liquid Handling | Bioprinting,Bioprinting,,Extrusion,yes,Open-source syringe extruder attachment + editable Cura profiles for biomaterial inks.,Direct Replistruder-like tool: low-cost syringe extruder with shared profiles and OSHW metadata.,,,,,,,,,N/A,,,,Yes,,Yes,Yes,,,,,,,,,,,,,043-the-enderstruder-an-accessible-open-source-syringe-extruder-compatible-with-ender-series-3d-printers,https://doi.org/10.17605/OSF.IO/9ARYM,curated,unknown,CC-BY-SA 4.0,specifications table,,,,3.4,8,medium,moderate,0,not reported,not reported,not reported,not reported,not reported,https://doi.org/10.17605/OSF.IO/9ARYM,yes,,no,,2026-09-19,yes,green,no,0,2023-01-01,yes,024_The_Enderstruder_An_accessible_open_source_syringe_extruder_compatible_with_Ender_series_3D_printers.pdf,yes,0,,,bioprinting | old_table | summary,4,3,4,2,4,2,4,3,3,N/A,3.22
108,"Homebrew photolithography for the rapid and low-cost,“Do It Yourself” prototyping of microfluidic devices",10.1021/acsomega.3c05544,https://pubs.acs.org/doi/10.1021/acsomega.3c05544,2023,,Microfabrication,Microfabrication,,,yes,,,,,,,,,,,<300 GBP,,,,,,,,CC-BY,article,This article is licensed under CC-BY 4.0 | http://pubs.acs.org/journal/acsodf | | | | | | | | | | | | | | Article | | ---------------------------------- | --- | ----------- | ---------------- | --- | --- | --------------- | --- | ------- | ------- | --- | ----,,,£300.,"From start to finish, the entire process takes under <90 min and costs <£300.",90 minutes,EXPERIMENTALSECTION | harsh and | hazardous | chemicals | such as hydrochloric | | acid and | | | | | | | | | | --------- | --------- | --------- | -------------------- | --- | -------- | ---- | --------- | --- | --- | -------- | ------ | --------- | --- | | |,"Thus, the application of microfluidics is unfortunately microfluidicdevices.Commercialservicesoftenhavelimitations restrictedtothefewappropriatelyresourcedlaboratories.While on design flexibility and customization options, whereas DIY commercial microfluidic wafer production offers convenience photo","We show that our homebrewmethod produces both rectangular and spiral microfluidic channels with better results than can be achieved by SLA 3D printing by comparison, and amenable to bonding into multilayer functionalmicrofluidicdevices.Asthesemethodsarefundamentaltomicrofluidicsmanufacture,weenvisio","Thus, the application of microfluidics is unfortunately microfluidicdevices.Commercialservicesoftenhavelimitations restrictedtothefewappropriatelyresourcedlaboratories.While on design flexibility and customization options, whereas DIY commercial microfluidic wafer production offers convenience photo",026-homebrew-photolithography-for-the-rapid-and-low-cost-do-it-yourself-prototyping-of-microfluidic-devices,,,none,,,<300 GBP,criteria assessment,,3.8,8,medium,limited,0,not reported,not reported,not reported,not reported,not reported,,,,,,,yes,gold,no,18,2023-09-15,yes,108_Homebrew_photolithography_for_the_rapid_and_low_cost_Do_It_Yourself_prototyping_of_microfluidic_devices.pdf,yes,1,026_ao3c05544_si_003.pdf,"Home-made spincoater assembly instructions and figures; CAD shown as images; 3D files ""available upon reasonable request""",old_table | summary,5,2,4,4,4,4,3,4,4,5,3.9
122,Hydrogel Patterns in Microfluidic Devices by Do-It-Yourself UV-Photolithography Suitable for Very Large-Scale Integration,10.3390/mi11050479,https://doi.org/10.3390/mi11050479,2020,Micromachines,Microfabrication,Microfabrication,,,yes,,"DIY UV-photolithography setup for patterning stimuli-responsive hydrogels at very-large-scale integration density (20,000 patterns/cm2, 20 um features) without cleanroom equipment.",,,,,,,Requires specialized/custom-built photolithography components and multiple advanced technical skills; no code/hardware repository provided.,,N/A,,,,,,,,,,,,,,,,,"The miniaturization potential and the integration degree of the microfluidic circuits depend on the capability of the photolithographic process to pattern hydrogellayerswithhighresolution,andtheytypicallyrequireexpensivecleanroomequipment.","The smallest feature size of the of the mask resolution was limited to 10 rangedecreasedsignificantlyand,thus,remainedopenforfurtheroptimization.","Consequently, the conversion in microfluidic devices with hydrogel-enzyme pillars polymerized with an exposure time of 15 s was chosen as standard parameter, as this was the best trade-off between sufficient polymerization times for the different pillar diameters without inhomogeneities.",045-hydrogel-patterns-in-microfluidic-devices-by-do-it-yourself-uv-photolithography-suitable-for-very-large-scale-integratio,,,none,,,,,,2.7,7,medium,moderate,0,not reported,not reported,not reported,not reported,not reported,,,,,,,yes,gold,no,28,2020-05-02,yes,121_Hydrogel_Patterns_in_Microfluidic_Devices_by_Do-It-Yourself_UV-Photolithography_Suitable_for_Very_Large-Scale_Integration.pdf,yes,0,,,manual_add,4,2,2,2,2,2,3,4,N/A,N/A,2.62
106,"Low-cost, versatile, and highly reproducible microfabrication pipeline to generate 3D-printed customised cell culture devices with complex designs",10.1371/journal.pbio.3002503,https://doi.org/10.1371/journal.pbio.3002503,2024,,Microfabrication,Microfabrication,,,yes,,,,,,,,,,,N/A,,,,,,,,,,,,,,,,,,,,028-low-cost-versatile-and-highly-reproducible-microfabrication-pipeline-to-generate-3d-printed-customised-cell-culture-devi,https://github.com/SerioLab/SOL3D,"full text, verified",aging,,,,,,3.7,7,medium,moderate,0,not reported,not reported,not reported,not reported,not reported,https://github.com/SerioLab/SOL3D,yes,2023-10-16,no,,2026-09-29,yes,gold,no,14,2024-03-13,yes,106_Low_cost_versatile_and_highly_reproducible_microfabrication_pipeline_to_generate_3D_printed_customised_cell_cult.pdf,yes,0,,,old_table | summary,4,3,3,4,4,4,4,4,N/A,N/A,3.75
104,Melt Electrowriting of Nylon‐12 Microfibers with an Open‐Source 3D Printer,10.1002/marc.202300424,https://doi.org/10.1002/marc.202300424,2023,,Microfabrication,Microfabrication,,,yes,,,,,,,,,,,500,,,,,,,,,,,,,$500,"For detailed infor- usedtodeterminesignificancebetweengroups,withapvalueof mation regarding the assembly and control of the cylindrical lessthan0.05indicatingstatisticalsignificance. collector,consultthesupportingCADmodelsandtheprovided Thesamples’thermalprope",5min,"A long-term effect of polymer heating can be ob- 5min.170°Cwaschosenastheannealingtemperaturetoavoid served in the nozzle, where the deposited nylon-12 undergoes complete layer melting and consequent fiber shape loss while prolongeddegradationoverseveraldays,r","ExplodedviewdrawingoftheMEWronprinterwitha)heatedflatandcylindricalcollector.b)Printheadassemblyanditscomponents.c) Overviewofthecylindricalcollector,andd)detailedassemblyforthecylindricalcollectorcomponentsandhowtheyareintegratedintotheprinter system. solidificationdynamics,toachievecomplexsamplesa",DataAvailabilityStatement | The DSC | measurements | | of both | the annealed | and untreated | | | | | | | | | | | ------- | ------------ | --- | ------- | ------------ | ------------- | --- | --- | --- | --- | --- | --- | --- | --- | --- | Thedatathatsupportthefindingsofthisstudyareavailablefromth,"A. onvariousaspectsofthenylon-12fabricationprocesshavepro- Clements,D.W.Hutmacher,Biomaterials2019,63,190. vided valuable insights into the capabilities and limitations of [5] P.G.Saiz,A.Reizabal,J.L.Vilas-Vilela,S.Lanceros-Mendez,P.D. the MEWron 3D printer.",059-melt-electrowriting-of-nylon-12-microfibers-with-an-open-source-3d-printer,,,none,,,500,criteria assessment,documentation,3.5,8,medium,moderate,0,not reported,not reported,not reported,not reported,not reported,,,,,,,no,closed,no,20,2023-10-11,yes,104_Melt_Electrowriting_of_Nylon_12_Microfibers_with_an_Open_Source_3D_Printer.pdf,yes,1,059_marc202300424-sup-0001-suppmat.pdf,Supporting Information (Macromol. Rapid Commun.),download_manifest,4,3,3,4,3,4,3,4,4,N/A,3.56
103,3D Printing of Individualized Microfluidic Chips with DLP-Based Printer,10.3390/ma16216984,https://doi.org/10.3390/ma16216984,2023,,Microfluidics,Microfluidics,,,yes,,,,,,,,,,,N/A,,,,,,,,CC-BY,article,This article is an open access article distributed under the terms and conditions of the Creative Commons Attribution (CC BY) license (https:// creativecommons.org/licenses/by/ 4.0/).,,,,,,,"In the past decade, 3D printing technology has experienced rapid development, with its most prominent advantage being the ability to achieve customized and small-batch production, independent of manufacturing costs and production volume.","Particularly, within the range of 100-200 µm, there is considerable size error in the X direction, which may be due to limitations in the pixel resolution of the projection, making it difﬁcult to accurately solidify the resin at the edges of the open channels.","Therefore, for open microchannel designs, the accuracy of the channel formed at the interface with the transparent sealant is less than that of directly printed channels, due to the limitations of the resolution of the DLP printer.",058-3d-printing-of-individualized-microfluidic-chips-with-dlp-based-printer,,,none,,,,,,3.4,8,medium,moderate,1,not reported,not reported,64 % day 1 falling to 32 % day 4 on the bare chip; >85 % from day 2 with GelMA coating,not reported,not reported,,,,,,,yes,gold,no,26,2023-10-31,yes,103_3D_Printing_of_Individualized_Microfluidic_Chips_with_DLP_Based_Printer.pdf,yes,0,,,download_manifest,3,3,3,4,3,4,3,4,4,N/A,3.44
110,A simple method of fabricating mask-free microfluidic devices for biological analysis,10.1063/1.3487796,https://doi.org/10.1063/1.3487796,2010,,Microfluidics,Microfluidics,,,yes,,,,,,,,,,,N/A,,,,,,,,,,,,,,,,,,,,007-a-simple-method-of-fabricating-mask-free-microfluidic-devices-for-biological-analysis,,,none,,,,,,3.3,8,medium,limited,0,not reported,not reported,not reported,not reported,not reported,,,,,,,yes,bronze,no,23,2010-09-01,yes,110_A_simple_method_of_fabricating_mask_free_microfluidic_devices_for_biological_analysis.pdf,yes,0,,,old_table | summary,3,2,3,4,3,2,3,4,4,N/A,3.11
109,Mask-free laser lithography for rapid and low-cost microfluidic device fabrication,10.1021/acs.analchem.8b03169,https://pubs.acs.org/doi/10.1021/acs.analchem.8b03169,2018,,Microfluidics,Microfluidics,,,yes,,,,,,,,,,,N/A,,,,,,,,,,,,,$1.00,"Downloaded from pubs.​acs.​org/​ancham/​article-pdf/​90/​23/​13915/​17730534/​ac8b03169.​pdf by UNIV OF TORONTO user on 20 September 2026 ∥ | FABRICELL, | Imperial | College, | | London | SW7 | 2AZ, U.K. | | | | | | | | ---------- | -------- | -------- | --- |",,,"Downloaded from pubs.​acs.​org/​ancham/​article-pdf/​90/​23/​13915/​17730534/​ac8b03169.​pdf by UNIV OF TORONTO user on 20 September 2026 ∥ | FABRICELL, | Imperial | College, | | London | SW7 | 2AZ, U.K. | | | | | | | | ---------- | -------- | -------- | --- | ------ | --- | --------- | --- | --- | ","While this term was originally used to group several however, it too from and often understated techniques where an elastomeric stamp or mold is used to drawbacks.",,029-mask-free-laser-lithography-for-rapid-and-low-cost-microfluidic-device-fabrication,,,none,,,,,,3.3,8,medium,limited,0,not reported,not reported,not reported,not reported,not reported,,,,,,,yes,green,no,33,2018-11-05,yes,109_Mask_free_laser_lithography_for_rapid_and_low_cost_microfluidic_device_fabrication.pdf,yes,1,029_ac8b03169_si_001.pdf,"Chemical compatibility table and a calculation; no files, link or licence",old_table | summary,2,2,3,4,4,4,3,4,4,N/A,3.33
118,Modular microfluidic systems cast from 3D-printed molds for imaging leukocyte adherence to differentially treated endothelial cultures,10.1038/s41598-019-47475-z,https://doi.org/10.1038/s41598-019-47475-z,2019,,Microfluidics,Microfluidics,,,yes,,,,,,,,,,,N/A,,,,,,,,CC-BY,article,"Open Access This article is licensed under a Creative Commons Attribution 4.0 International License, which permits use, sharing, adaptation, distribution and reproduction in any medium or format, as long as you give appropriate credit to the original author(s)",,,,,,,"However, the availability of customizable, user-designed devices is largely restricted to researchers with expertise in photolithography and access to clean room facilities.",,,060-modular-microfluidic-systems-cast-from-3d-printed-molds-for-imaging-leukocyte-adherence-to-differentially-treated-endoth,,,none,,,,,cad,2.4,7,medium,moderate,0,not reported,not reported,not reported,not reported,not reported,,,,,,,yes,gold,no,24,2019-08-05,yes,118_Modular_microfluidic_systems_cast_from_3D_printed_molds_for_imaging_leukocyte_adherence_to_differentially_treated_endoth.pdf,yes,5,060_MOESM1_ESM.pdf | 060_MOESM2_ESM.mov | 060_MOESM3_ESM.mov | 060_MOESM4_ESM.mov | 060_MOESM5_ESM/,"Supplementary information: figures and methods; no link, licence or cost | Supplementary video | Supplementary video | Supplementary video | Supplementary Data 5: barrier module, flow module, alignment guide as STEP and STL",download_manifest,2,2,2,2,2,4,3,4,N/A,N/A,2.62
121,"Open-source, community-driven microfluidics with Metafluidics",10.1038/nbt.3873,https://doi.org/10.1038/nbt.3873,2017,,Microfluidics,Microfluidics,,,yes,,,,,,,,,,,N/A,,,,,,,,,,,,,,,,,,,,034-open-source-community-driven-microfluidics-with-metafluidics,https://metafluidics.org/,"full text, verified",unknown,,,,,,3.8,8,medium,moderate,0,not reported,not reported,not reported,not reported,not reported,https://metafluidics.org/,yes,,no,,2026-09-30,yes,hybrid,no,95,2017-06-01,yes,121_Open_source_community_driven_microfluidics_with_Metafluidics.pdf,yes,1,034_MOESM21_ESM.pdf,Supplementary figures and methods for the example devices; the repository is metafluidics.org itself,old_table | summary,4,5,4,2,3,4,5,4,3,N/A,3.78
52,Teach your microscope how to print: low-cost and rapid-iteration microfabrication for biology,10.1039/d5lc00181a,https://doi.org/10.1039/d5lc00181a,2025,,Microscopy & Imaging,Imaging/Microscopy,,,yes,,,,,,,,,,,,,,,,,,,CC-BY,artifact,| Lab on | a Chip | | | | | | | | | | | | ------ | ------ | --- | --- | --- | --- | --- | --- | --- | --- | --- | --- | Published on 14 July 2025 PAPER Licensed under CC-BY 4.0 | | | Teach your | microscope | | how | to | print: | | low-cost | | | | --- | --- ,https://github.com/hinderling/fabscope | https://github.com/spsalmon/towbintools_pipeline | https://github.com/spsalmon/towbintools | https://github.com/openMLA,,$71,"Thisjournalis©TheRoyalSocietyofChemistry2025 LabChip,2025,25,4091-4105 | 4093 | Paper | | | | | | | | | | | | | | LabonaChip | | | ----- | --- | --- | --- | --- | --- | --- | --- | --- | --- | --- | --- | --- | --- | ---------- | --- | Table1 Consumablesformic",5 min,"The resin is exposed under a Allofthemicrofabricationapplicationsstartbycreatinga3D homemade UV-light (see Calibrating the UV-exposure time printedmoldfromUV-curableresin,fromwhichaPDMScast below) for 5 min to activate all photoinitiators remaining in ismade.","By shaping and morphologies.21-24 Furthermore, lab-on-a-chip devices use patterning the geometry, topology and composition of the microfabrication to miniaturize systems, enabling massive extracellularspaceataprecisionthatmatchestheintrinsicscale parallelization.25 Photolithography techniques for bi","The z-layer height is controlled by the spin find that a slightly more complex model with a constant | | | | | | | | | | | | (R2: | | R2: | | --- | --- | --- | --- | --- | --- | --- | --- | --- | --- | --- | ---- | --- | --- | coating RPM, and can be calculated with a calibration test offset leads t","To circumvent this limitation, complex substitute for SU-8 eliminates time-sensitive baking steps structures can be fabricated bystacking multiple layers (2.5D and reduces the need for extensive glass slide cleaning. printing, see Fig.",053-teach-your-microscope-how-to-print-low-cost-and-rapid-iteration-microfabrication-for-biology,https://github.com/hinderling/fabscope,"full text, verified",active,BSD-3-Clause,repository host,,,documentation,4,8,medium,moderate,0,not reported,not reported,not reported,not reported,not reported,https://github.com/hinderling/fabscope,yes,2026-05-11,no,BSD-3-Clause,2026-09-28,yes,hybrid,no,4,2025-01-01,yes,052_Teach_your_microscope_how_to_print_low_cost_and_rapid_iteration_microfabrication_for_biology.pdf,yes,1,053_d5lc00181a2_suppl.pdf,Supplementary Information (Lab on a Chip),download_manifest,5,4,4,4,4,4,3,4,4,5,4.1
119,STARTER: a stand-alone reconfigurable and translational organ-on-chip platform based on modularity and open design principles,10.1039/d5lc00756a,https://pmc.ncbi.nlm.nih.gov/articles/PMC12834090/#sec2,2026,,Organ-on-chip | Microfabrication/Organ-on-Chip,Microfabrication,STARTER,,yes,,,"Modular, reconfigurable organ-on-chip platform with swappable pumping/sensing/OoC modules","Standardized, swappable modules allow reconfiguration across experiments without external peripherals; tube-less inter-module fluidic connections",Not reported (qualitative validation via multi-day in vitro and ex vivo OoC runs),Multi-organ capable; modular/swappable components within ANSI/SLAS microplate footprint,ISO 22916-compliant fluidic circuits; supports multiple OoC chip types/materials,Not reported,"High custom-fabrication burden; no reported cost or build-time data, suggesting limited accessibility for non-specialist builders",??? (probably expensive due to custom parts) | Not reported (likely high due to custom parts),N/A,Not reported,High,Microfabrication; fluidics design; electronics/sensor integration; ISO-standard compliance knowledge,,No,No?,,CC-BY,artifact,"Lab on a Chip Published on 26 January 2026 PAPER Licensed under CC-BY 4.0 STARTER: a stand-alone reconfigurable and translational organ-on-chip platform based on Citethis:LabChip,2026,26,604 modularity and open design principles Aniruddha Paul, *a EricR.",https://github.com/TOP-OoC,,,,,,"Introduction This incompatibility impedes the development of innovative OoC models and hampers their operation and Organ-on-chips (OoCs) are advanced cell culture systems that implementation in relevant end-user settings.4 Therefore, use controlled microfluidic environments to better replicate platf","All range of port and footprint selections, offering freedom to MFBBsconnectto400μmdiameterfluidicportsintheboard module developers while imposing common-sense connected to the channels in the FCB, with the locations of constraints.","However, the types of OoCs compatible and routing module offer the flexibility of realizing a highly with the platform are not limited to these two particular customizablesetoffluidiccircuitsontheplatform. examples, as the strategy of clamping OoCs onto the FCB is agnostictotheOoCmaterialandarchitec",042-starter-a-stand-alone-reconfigurable-and-translational-organ-on-chip-platform-based-on-modularity-and-open-design-princi,https://github.com/TOP-OoC/Starter-Kit,"full text, verified",active,CC-BY-4.0,repository host,??? (probably expensive due to custom parts) | Not reported (likely high due to custom parts),curated workbook,,3.3,8,high,moderate,1,not reported,not reported,not reported,not reported,ANSI/SLAS,https://github.com/TOP-OoC/Starter-Kit,yes,2026-05-06,no,CC-BY-4.0,2026-09-29,yes,hybrid,no,1,2026-01-01,yes,119_STARTER_a_stand_alone_reconfigurable_and_translational_organ_on_chip_platform_based_on_modularity_and_open_design_princi.pdf,yes,1,042_d5lc00756a1_suppl.pdf,Supplementary Information (Lab on a Chip),old_table | summary,1,4,3,4,3,4,3,4,4,3,3.3
34,"Design and implementation of a low cost bio-printer modification, allowing for switching between plastic and gel extrusion",10.1016/j.ohx.2021.e00186,https://doi.org/10.1016/j.ohx.2021.e00186,2021,,bioprinting,Bioprinting,,,yes,,,,,,,,,,,300 (excluding the cost of the printer),,,,,,,,CC-BY-SA,artifact,HardwareX 9 (2021) e00186 Speciﬁcations table Hardware name Subject area Hardware type Open Source License Cost of Hardware Source File Repository Please specify the name of the hardware that you invented/customized (cid:1) Engineering and Material Science (ci,https://data.mendeley.com/datasets/3kfmsz4n28/1 | https://data.mendeley.com/datasets,https://github.com/prusa3d/Prusa-Firmware,000 USD,"The price of these type of systems have fallen signiﬁcantly recently, with prices starting from around 5 000 USD for the most basic system and going up to several hundred thousand USD for more advanced systems [1].",,,"The modiﬁcations are kept as simple as possible and uses standard slic- ing software, allowing for installation by less experienced builders.","Hydrogels tend to sag over time (before curing); therefore, the z height is limited by the rigidity of the bio-ink.",It is not suitable for reactive materials such as an epoxy or similar. 8.,014-design-and-implementation-of-a-low-cost-bio-printer-modification-allowing-for-switching-between-plastic-and-gel-extrusio,,,none,,,300 (excluding the cost of the printer),criteria assessment,,2.6,8,medium,limited,0,not reported,not reported,not reported,not reported,not reported,,,,,,,yes,gold,no,34,2021-02-26,yes,034_Design_and_implementation_of_a_low_cost_bio_printer_modification_allowing_for_switching_between_plastic_and_gel_extrusio.pdf,yes,0,,,old_table | summary,1,2,3,3,3,2,4,2,3,N/A,2.56
120,Development of a microfluidic-assisted open-source 3D bioprinting system (MOS3S) for the engineering of hierarchical tissues,10.1016/j.ohx.2024.e00527,https://doi.org/10.1016/j.ohx.2024.e00527,2024,,bioprinting,Bioprinting,,,yes,,,,,,,,,,,677 EUR (~$730),,,,,,,,GPL,artifact (spec table),GNU General Public License — GNU General Public License (GPL) v3.0 Cost of hardware 677 €,https://data.mendeley.com/datasets/s8bpwp2ryb/1,,€700,"In summary, we demonstrated the successful development of a novel open-source and low-cost microfluidic-assisted extrusion- based 3D bioprinter (MOS3S) which can be assembled with limited efforts and low-budget (<€700), to be used in a variety of ap- plication",,,"Additionally, the majority of commercially available 3D bioprinters are manufactured with limited customization options both in hardware and software, greatly impairing the possibility to adapt the AM system to the required clinical application [18].","EBB has enabled the researchers to deposit a wide range of hydrogels of varying viscosities, as well as high cell density; though the resolution of the printed structures is limited to the range of 200-1000 µm [9].","Lastly, the set of skills and training required to operate and maintain the 3D bioprinting apparatus, as well as high-cost consumable equipment, are further great limitations for the use of AM technologies applied to tissue engineering and regenerative medicine purposes.",022-development-of-a-microfluidic-assisted-open-source-3d-bioprinting-system-mos3s-for-the-engineering-of-hierarchical-tissu,https://doi.org/10.17632/s8bpwp2ryb.1,"full text, verified",unknown,GPL-3.0,specifications table,677 EUR (~$730),criteria assessment,,3.5,8,medium,moderate,0,not reported,not reported,not reported,not reported,not reported,https://doi.org/10.17632/s8bpwp2ryb.1,yes,,no,,2026-09-30,yes,gold,no,15,2024-04-02,yes,120_Development_of_a_microfluidic_assisted_open_source_3D_bioprinting_system_MOS3S_for_the_engineering_of_hierarchical_tissu.pdf,yes,1,022_mmc1-4.pdf,Supplementary information (HardwareX mmc1),old_table | summary,3,4,3,4,4,5,4,3,3,N/A,3.67
29,Designing cost-effective open-source multihead 3D bioprinters,10.1089/genbio.2022.0021,https://pmc.ncbi.nlm.nih.gov/articles/PMC9426752/,2022,(see PMC),bioprinting | Bioprinting,Bioprinting,,Extrusion,yes,Conversion approach + multihead bioprinter build details (verify linked repos/files).,Practical open-source path to multi-material/multihead bioprinting; widely replicable.,,,,,,,,,N/A,,,,Yes,,Yes,Yes,,,,,,,,,,,,,019-designing-cost-effective-open-source-multihead-3d-bioprinters,https://doi.org/10.17632/9rwbkf5p4g.1,"full text, verified",unknown,CC-BY-4.0,Mendeley Data record,,,,2.9,8,medium,moderate,1,not reported,not reported,85%,not reported,not reported,https://doi.org/10.17632/9rwbkf5p4g.1,yes,,no,,2026-09-29,yes,green,no,17,2022-08-01,yes,029_Designing_Cost_Effective_Open_Source_Multihead_3D_Bioprinters.pdf,yes,0,,,bioprinting | old_table | summary,2,2,4,4,2,3,4,2,3,N/A,2.89
98,Principles of computer-controlled linear motion applied to an open-source affordable liquid handler for automated micropipetting,10.1038/s41598-020-70465-5,https://www.nature.com/articles/s41598-020-70465-5,2020,Scientific Reports,liquid handling | Bioprinting | Liquid Handling,Liquid Handling,OTTO,Automated pipetting,yes,Open-source affordable liquid handler (OTTO) for automated pipetting. | OTTO open-source liquid handler (mechanical/electrical/software) for automated micropipetting.,"Not a bioprinter, but relevant open automation tool for biofabrication/bioprinting workflows. | Canonical open-source liquid handling robot paper; good baseline against newer modular tools like digital pipette.","Open-source automated liquid handler (gantry-style) for micropipetting, e.g., qPCR sample prep",Low-cost automated pipetting comparable to manual qPCR workflow; modular design,Accuracy and sample-prep time comparable to manual qPCR; fills a 96-well plate with standards/samples in 30-45 min,Multi-well (96-well plate scale),Standard micropipette tips and labware,"Fully open‑source — CAD files, part lists, firmware, and GUI available online at website | Fully open-source -- CAD files, part lists, firmware, and GUI on project website",lower throughput due to slow error-checking system | Lower throughput due to a slower built-in error-checking system,1500 USD? | 1500,1500,Not reported,Moderate-High,3D printing; electronics/Arduino; G-code/firmware setup; calibration,yes,yes,yes,yes,,,,,,,,,,,,,037-principles-of-computer-controlled-linear-motion-applied-to-an-open-source-affordable-liquid-handler-for-automated-microp,https://openliquidhandler.com/,curated,unknown,,,1500 USD? | 1500,curated workbook,cad | firmware | software,3.6,8,high,moderate,2,320 µm,not reported,not reported,unattended,not reported,https://openliquidhandler.com/,yes,,no,,2026-09-19,yes,gold,no,40,2020-08-12,yes,098_Principles_of_computer_controlled_linear_motion_applied_to_an_open_source_affordable_liquid_handler_for_automate.pdf,yes,0,,,bioprinting | liquid_handling | old_table | summary,4,3,4,4,4,4,4,3,3,N/A,3.67
