paper_title,doi,primary_link,year,category,subcategory,modality,system_or_technology,type,venue,inclusion_fit,key_sources,license,repo_oshw_link,what_is_open_sourced,why_it_matters,approximate_cost_or_cost_usd,low_cost,easy_to_build,easy_to_use,open_source,rank,key_democratizing_feature,motivation_use_case,limitation,function,build_time,build_complexity,technical_skills_needed,key_performance_metric,scale_throughput,material_reagent_compatibility,open_source_resources,main_advantage,source_workbooks,source_rows,source_paths,dedupe_basis,semantic_scholar_status,semantic_scholar_matched_by,semantic_scholar_matched_title,semantic_scholar_paper_id,semantic_scholar_doi,semantic_scholar_is_open_access,semantic_scholar_pdf_url,semantic_scholar_landing_url,semantic_scholar_error,crossref_status,crossref_matched_by,crossref_matched_title,crossref_doi,crossref_pdf_url,crossref_landing_url,crossref_license_urls,crossref_error,pdf_available_any,pdf_available_sources
3D bioprinting of collagen-based high-resolution internally perfusable scaffolds for engineering fully biologic tissue systems,10.1126/sciadv.adu5905,https://www.science.org/doi/10.1126/sciadv.adu5905,2025,Bioprinting,,Extrusion,,Open-source workflow/analysis,Science Advances,Included (new open-source bioprinting tool),Science Advances DOI page,,,(Verify) Replistruder-associated tooling/design files; paper likely links to open components.,Likely the key Replistruder-associated publication; we should extract the repo link from full text.,,Unknown,,Yes,Yes,0,,,,,,,,,,,,,bioprinting,bioprinting:30,/Users/iyakavets/Library/CloudStorage/OneDrive-SharedLibraries-UniversityofToronto/Acceleration Consortium Research - AC Research Docs/SDL6 - HOM/Projects/biofacrication_perspective/deep search analysis/Open-Source Bioprinting Tools.xlsx,"doi, url",ok,doi,3D bioprinting of collagen-based high-resolution internally perfusable scaffolds for engineering fully biologic tissue systems,1507a730ef0214bdf97784a3352a92245c3eab28,10.1126/sciadv.adu5905,True,https://doi.org/10.1126/sciadv.adu5905,https://www.semanticscholar.org/paper/1507a730ef0214bdf97784a3352a92245c3eab28,,ok,doi,3D bioprinting of collagen-based high-resolution internally perfusable scaffolds for engineering fully biologic tissue systems,10.1126/sciadv.adu5905,,https://www.science.org/doi/10.1126/sciadv.adu5905,,,yes,semantic_scholar
A 3D-Printed Plate Handler for Automated Handling of Well Plates on the Opentrons OT-2,10.5206/joh.v9i1.22756,https://doi.org/10.5206/joh.v9i1.22756,2025,Liquid Handling,,"Automation, High-throughput screening",,Protocol/paper,Journal of Open Hardware,Included (open-source liquid handling hardware),,,,,,,yes,yes,yes,yes,1,,,,,,,,,,,,,liquid_handling | old_table | summary,liquid_handling:11 | old_table:34 | summary:36,/Users/iyakavets/Library/CloudStorage/OneDrive-SharedLibraries-UniversityofToronto/Acceleration Consortium Research - AC Research Docs/SDL6 - HOM/Projects/biofacrication_perspective/deep search analysis/Open-Source Liquid Handling Hardware.xlsx | /Users/iyakavets/Library/CloudStorage/OneDrive-SharedLibraries-UniversityofToronto/Acceleration Consortium Research - AC Research Docs/SDL6 - HOM/Projects/biofacrication_perspective/deep search analysis/Old table.xlsx | /Users/iyakavets/Library/CloudStorage/OneDrive-SharedLibraries-UniversityofToronto/Acceleration Consortium Research - AC Research Docs/SDL6 - HOM/Projects/biofacrication_perspective/deep search analysis/Summary Table.xlsx,"doi, url, title",ok,doi,A 3D-Printed Plate Handler for Automated Handling of Well Plates on the Opentrons OT-2,d7f45967ce0dfa3929f5edee5b0ff538450b9003,10.5206/joh.v9i1.22756,False,,https://www.semanticscholar.org/paper/d7f45967ce0dfa3929f5edee5b0ff538450b9003,,ok,doi,A 3D-Printed Plate Handler for Automated Handling of Well Plates on the Opentrons OT-2,10.5206/joh.v9i1.22756,https://ojs.lib.uwo.ca/index.php/openhardware/article/download/22756/17813,https://ojs.lib.uwo.ca/index.php/openhardware/article/view/22756,https://creativecommons.org/licenses/by/4.0,,yes,crossref
A cost-effective and open-source near-field electrospinning system with a graphical user interface,,A cost-effective and open-source near-field electrospinning system with a graphical user interface - ScienceDirect,,Electrospinning (biofabrication),,,Low-cost near-field electrospinning machine,,,,,,,,,1200 USD,,yes,yes,,,"open-source hardware, firmware, software; easy to build with widely available tools and 3D printed parts; user-friendly interfaces; modular components + ability to integrate new extrusion hardware; enables reproducible, programmable, NFES workflows without needing to understand electrospinning physics","easy to operate; reproducibility (limitation of traditional custom-build systems); for precise, programmable nanofiber patterning",,,,,,,,,design files available on OSF website,,old_table,old_table:7,/Users/iyakavets/Library/CloudStorage/OneDrive-SharedLibraries-UniversityofToronto/Acceleration Consortium Research - AC Research Docs/SDL6 - HOM/Projects/biofacrication_perspective/deep search analysis/Old table.xlsx,url,ok,doi,A cost-effective and open-source near-field electrospinning system with a graphical user interface,35966f7b0fb53bd9a283e52ab894618a03643a9f,10.1016/j.ohx.2025.e00691,False,,https://www.semanticscholar.org/paper/35966f7b0fb53bd9a283e52ab894618a03643a9f,,ok,title,A cost-effective and open-source near-field electrospinning system with a graphical user interface,10.1016/j.ohx.2025.e00691,,https://linkinghub.elsevier.com/retrieve/pii/S2468067225000690,https://www.elsevier.com/tdm/userlicense/1.0/ | https://www.elsevier.com/legal/tdmrep-license | http://creativecommons.org/licenses/by/4.0/,,no,
A desktop multi-material 3D bio-printing system with open-source hardware and software,10.1007/s12541-017-0072-x,https://link.springer.com/article/10.1007/s12541-017-0072-x,2017,Bioprinting,,Extrusion,,Open-source bioprinter (full system),International Journal of Precision Engineering and Manufacturing,Included (new open-source bioprinting tool),Springer landing + DOI,,,Open-source hardware + software for a desktop multi-material bioprinting system.,Early reference explicitly claiming open-source hardware/software for multimaterial bioprinting.,,yes,,yes,yes,1,,,,,,,,,,,,,bioprinting,bioprinting:17,/Users/iyakavets/Library/CloudStorage/OneDrive-SharedLibraries-UniversityofToronto/Acceleration Consortium Research - AC Research Docs/SDL6 - HOM/Projects/biofacrication_perspective/deep search analysis/Open-Source Bioprinting Tools.xlsx,"doi, url",ok,doi,A desktop multi-material 3D bio-printing system with open-source hardware and software,af8c92ba6b59fc551d5b73e2c93cc36ae6e4135a,10.1007/s12541-017-0072-x,False,,https://www.semanticscholar.org/paper/af8c92ba6b59fc551d5b73e2c93cc36ae6e4135a,,ok,doi,A desktop multi-material 3D bio-printing system with open-source hardware and software,10.1007/s12541-017-0072-x,http://link.springer.com/content/pdf/10.1007/s12541-017-0072-x.pdf,http://link.springer.com/10.1007/s12541-017-0072-x,http://www.springer.com/tdm,,yes,crossref
"A hackable, multi-functional, and modular extrusion 3D printer for soft materials",,https://www.nature.com/articles/s41598-022-16008-6,2022,Liquid Handling | Bioprinting,,Extrusion,,Open-source bioprinter (full system),Scientific Reports,Maybe (open-source but not bioprinting-specific),Nature landing,,,Hackable/modular extrusion printer for soft materials (verify repo; may support bioprinting inks).,Useful adjacent open platform for hydrogel/soft-matter printing; may be bioprinting-enabling.,,Yes,,Yes,Yes,1,,,,,,,,,,,,,bioprinting | old_table | summary,bioprinting:15 | old_table:45 | summary:45,/Users/iyakavets/Library/CloudStorage/OneDrive-SharedLibraries-UniversityofToronto/Acceleration Consortium Research - AC Research Docs/SDL6 - HOM/Projects/biofacrication_perspective/deep search analysis/Open-Source Bioprinting Tools.xlsx | /Users/iyakavets/Library/CloudStorage/OneDrive-SharedLibraries-UniversityofToronto/Acceleration Consortium Research - AC Research Docs/SDL6 - HOM/Projects/biofacrication_perspective/deep search analysis/Old table.xlsx | /Users/iyakavets/Library/CloudStorage/OneDrive-SharedLibraries-UniversityofToronto/Acceleration Consortium Research - AC Research Docs/SDL6 - HOM/Projects/biofacrication_perspective/deep search analysis/Summary Table.xlsx,"url, title",ok,doi,"A hackable, multi-functional, and modular extrusion 3D printer for soft materials",c508a248d58a6f4a02d704c365c5beb2d961f806,10.1038/s41598-022-16008-6,True,https://www.nature.com/articles/s41598-022-16008-6.pdf,https://www.semanticscholar.org/paper/c508a248d58a6f4a02d704c365c5beb2d961f806,,ok,title,"A hackable, multi-functional, and modular extrusion 3D printer for soft materials",10.1038/s41598-022-16008-6,https://www.nature.com/articles/s41598-022-16008-6.pdf,https://www.nature.com/articles/s41598-022-16008-6,https://creativecommons.org/licenses/by/4.0 | https://creativecommons.org/licenses/by/4.0,,yes,semantic_scholar | crossref
A high performance open-source syringe extruder optimized for extrusion and retraction during FRESH 3D bioprinting,,https://www.sciencedirect.com/science/article/pii/S2468067220300791#m0005,2021,Liquid Handling | Bioprinting,,"Extrusion, FRESH",Replistruder 4,Open-source extruder/printhead,(check full text),Included (new open-source bioprinting tool),PMC full text,,,Syringe extruder design optimized for FRESH (extrusion + retraction performance).,Directly comparable to Replistruder—an open syringe/extrusion tool that enables better bioink handling.,141 USD + 3D Printer,Yes,yes,yes | Yes,Yes,1,Open-source files and instructions. Adapts to various existing printer. Low cost. Uses off-the-shelf and 3d printed parts. High precision.,"Cheap, more control over operatiions. Unique functionality. Easy to modify and adpat to custom needs.","no commercial benchmarking, no biological validation",,,,,,,,"CAD File, install guide",,bioprinting | old_table,bioprinting:3 | old_table:4,/Users/iyakavets/Library/CloudStorage/OneDrive-SharedLibraries-UniversityofToronto/Acceleration Consortium Research - AC Research Docs/SDL6 - HOM/Projects/biofacrication_perspective/deep search analysis/Open-Source Bioprinting Tools.xlsx | /Users/iyakavets/Library/CloudStorage/OneDrive-SharedLibraries-UniversityofToronto/Acceleration Consortium Research - AC Research Docs/SDL6 - HOM/Projects/biofacrication_perspective/deep search analysis/Old table.xlsx,"url, title",ok,doi,A high performance open-source syringe extruder optimized for extrusion and retraction during FRESH 3D bioprinting,6148dbe18a29d437a3c213a269f9d6e51bf3c771,10.1016/j.ohx.2020.e00170,True,http://www.hardware-x.com/article/S2468067220300791/pdf,https://www.semanticscholar.org/paper/6148dbe18a29d437a3c213a269f9d6e51bf3c771,,ok,title,A high performance open-source syringe extruder optimized for extrusion and retraction during FRESH 3D bioprinting,10.1016/j.ohx.2020.e00170,,https://linkinghub.elsevier.com/retrieve/pii/S2468067220300791,https://www.elsevier.com/tdm/userlicense/1.0/ | https://www.elsevier.com/legal/tdmrep-license | http://creativecommons.org/licenses/by/4.0/,,yes,semantic_scholar
A low-cost push–pull syringe pump for continuous flow applications,10.1016/j.ohx.2022.e00295,https://pmc.ncbi.nlm.nih.gov/articles/PMC9058849/,2022,Liquid Handling,,"Continuous flow, Syringe pumping",,Open-source pump (syringe/peristaltic),HardwareX,Included (open-source liquid handling hardware),PMC full text + DOI,,,Open-source push–pull syringe pump design for continuous flow.,Continuous-flow is a common gap in low-cost pump designs; relevant for automated synthesis and perfusion workflows.,,yes,yes,yes,yes,1,,,,,,,,,,,,,liquid_handling | old_table | summary,liquid_handling:10 | old_table:25 | summary:27,/Users/iyakavets/Library/CloudStorage/OneDrive-SharedLibraries-UniversityofToronto/Acceleration Consortium Research - AC Research Docs/SDL6 - HOM/Projects/biofacrication_perspective/deep search analysis/Open-Source Liquid Handling Hardware.xlsx | /Users/iyakavets/Library/CloudStorage/OneDrive-SharedLibraries-UniversityofToronto/Acceleration Consortium Research - AC Research Docs/SDL6 - HOM/Projects/biofacrication_perspective/deep search analysis/Old table.xlsx | /Users/iyakavets/Library/CloudStorage/OneDrive-SharedLibraries-UniversityofToronto/Acceleration Consortium Research - AC Research Docs/SDL6 - HOM/Projects/biofacrication_perspective/deep search analysis/Summary Table.xlsx,"doi, url, title",ok,doi,A low-cost push–pull syringe pump for continuous flow applications,54450d4ba63f2c1429076589196f99af7a0a04a2,10.1016/j.ohx.2022.e00295,True,http://www.hardware-x.com/article/S2468067222000402/pdf,https://www.semanticscholar.org/paper/54450d4ba63f2c1429076589196f99af7a0a04a2,,ok,doi,A low-cost push–pull syringe pump for continuous flow applications,10.1016/j.ohx.2022.e00295,,https://linkinghub.elsevier.com/retrieve/pii/S2468067222000402,https://www.elsevier.com/tdm/userlicense/1.0/ | https://www.elsevier.com/legal/tdmrep-license | http://creativecommons.org/licenses/by-nc-nd/4.0/,,yes,semantic_scholar
"A Low-Cost, Open-Source 3D Printer for Multimaterial and High-Throughput Direct Ink Writing of Soft and Living Materials",10.1002/adma.202414971,https://advanced.onlinelibrary.wiley.com/doi/epdf/10.1002/adma.202414971,2025,Custom Printer | Bioprinting,,"Direct ink writing, Extrusion",Printess,Open-source bioprinter (full system),Advanced Materials,Maybe (open-source but not bioprinting-specific),PMC full text + DOI,,,Open-source DIW platform targeting soft + living materials with multimaterial/high-throughput.,Adjacent platform for living-material printing; include if you want broader DIW-living-materials tooling.,250 USD | 250,Yes,No,Maybe | Yes,Yes,1,Low cost. Full DIY not retrofit. Open-source. Uses widely available components.,Multi Nozzle printing. High end features for afforable price.,"Full custom build (not a retrofit) at very low cost; high-end multimaterial/multinozzle features rivaling expensive commercial DIW systems; compact (3 kg, 23x23x40 cm)","Fully DIY (not retrofit) open-source 3D printer for multimaterial, high-throughput direct ink writing",Not reported (built from scratch,,,Electronics/microcontroller wiring; 3D printing; laser cutting; mechanical assembly,10 um motion repeatability; +/-5 um positioning repeatability; switching resolution down to 1 mm (5 Hz at 5 mm/s print speed),Multi-nozzle (up to 8 outputs demonstrated); high-throughput multimaterial printing,"CAD files, Github - instructions and software | Wide range of inks/viscosities and curing chemistries, incl. cell-laden biological materials",CAD files; GitHub (software + instructions); printess.org,bioprinting | old_table | summary,bioprinting:9 | old_table:5 | summary:5,/Users/iyakavets/Library/CloudStorage/OneDrive-SharedLibraries-UniversityofToronto/Acceleration Consortium Research - AC Research Docs/SDL6 - HOM/Projects/biofacrication_perspective/deep search analysis/Open-Source Bioprinting Tools.xlsx | /Users/iyakavets/Library/CloudStorage/OneDrive-SharedLibraries-UniversityofToronto/Acceleration Consortium Research - AC Research Docs/SDL6 - HOM/Projects/biofacrication_perspective/deep search analysis/Old table.xlsx | /Users/iyakavets/Library/CloudStorage/OneDrive-SharedLibraries-UniversityofToronto/Acceleration Consortium Research - AC Research Docs/SDL6 - HOM/Projects/biofacrication_perspective/deep search analysis/Summary Table.xlsx,"doi, url, title",ok,doi,"A Low‐Cost, Open‐Source 3D Printer for Multimaterial and High‐Throughput Direct Ink Writing of Soft and Living Materials",8449dbae86ed13c12d7bcef9212f9510a167daa9,10.1002/adma.202414971,True,https://doi.org/10.1002/adma.202414971,https://www.semanticscholar.org/paper/8449dbae86ed13c12d7bcef9212f9510a167daa9,,ok,doi,"A Low‐Cost, Open‐Source 3D Printer for Multimaterial and High‐Throughput Direct Ink Writing of Soft and Living Materials",10.1002/adma.202414971,https://advanced.onlinelibrary.wiley.com/doi/pdf/10.1002/adma.202414971,https://advanced.onlinelibrary.wiley.com/doi/10.1002/adma.202414971,http://creativecommons.org/licenses/by-nc/4.0/ | http://creativecommons.org/licenses/by-nc/4.0/,,yes,semantic_scholar | crossref
A robot-assisted acoustofluidic end effector,10.1038/s41467-022-34167-y,https://doi.org/10.1038/s41467-022-34167-y,2022,Liquid Handling,,"Automation, Liquid handling",,Protocol/paper,Nature Communications,Maybe (needs verification),,,,,Robot arm + acoustofluidic end effector to do microfluidic-style liquid manipulation and automated mixing.,,yes,maybe,maybe,no,0,,,,,,,,,,,,,liquid_handling | old_table | summary,liquid_handling:29 | old_table:27 | summary:29,/Users/iyakavets/Library/CloudStorage/OneDrive-SharedLibraries-UniversityofToronto/Acceleration Consortium Research - AC Research Docs/SDL6 - HOM/Projects/biofacrication_perspective/deep search analysis/Open-Source Liquid Handling Hardware.xlsx | /Users/iyakavets/Library/CloudStorage/OneDrive-SharedLibraries-UniversityofToronto/Acceleration Consortium Research - AC Research Docs/SDL6 - HOM/Projects/biofacrication_perspective/deep search analysis/Old table.xlsx | /Users/iyakavets/Library/CloudStorage/OneDrive-SharedLibraries-UniversityofToronto/Acceleration Consortium Research - AC Research Docs/SDL6 - HOM/Projects/biofacrication_perspective/deep search analysis/Summary Table.xlsx,"doi, url, title",ok,doi,A robot-assisted acoustofluidic end effector,76b732e219458e5a34bc54fbb046666264238d8b,10.1038/s41467-022-34167-y,True,https://www.nature.com/articles/s41467-022-34167-y.pdf,https://www.semanticscholar.org/paper/76b732e219458e5a34bc54fbb046666264238d8b,,ok,doi,A robot-assisted acoustofluidic end effector,10.1038/s41467-022-34167-y,https://www.nature.com/articles/s41467-022-34167-y.pdf,https://www.nature.com/articles/s41467-022-34167-y,https://creativecommons.org/licenses/by/4.0 | https://creativecommons.org/licenses/by/4.0,,yes,semantic_scholar | crossref
A simple method of fabricating mask-free microfluidic devices for biological analysis,,A simple method of fabricating mask-free microfluidic devices for biological analysis - PMC,,Microfluidics,,,,,,,,,,,,,,,,,,,,,,,,,,,,,,old_table | summary,old_table:20 | summary:22,/Users/iyakavets/Library/CloudStorage/OneDrive-SharedLibraries-UniversityofToronto/Acceleration Consortium Research - AC Research Docs/SDL6 - HOM/Projects/biofacrication_perspective/deep search analysis/Old table.xlsx | /Users/iyakavets/Library/CloudStorage/OneDrive-SharedLibraries-UniversityofToronto/Acceleration Consortium Research - AC Research Docs/SDL6 - HOM/Projects/biofacrication_perspective/deep search analysis/Summary Table.xlsx,url,ok,doi,A simple method of fabricating mask-free microfluidic devices for biological analysis.,b8a65c83ddbfcd225918b9a5922ca67f27d4026f,10.1063/1.3487796,True,https://europepmc.org/articles/pmc2948042?pdf=render,https://www.semanticscholar.org/paper/b8a65c83ddbfcd225918b9a5922ca67f27d4026f,,ok,title,A simple method of fabricating mask-free microfluidic devices for biological analysis,10.1063/1.3487796,https://pubs.aip.org/aip/bmf/article-pdf/doi/10.1063/1.3487796/14587663/036503_1_online.pdf,https://pubs.aip.org/bmf/article/4/3/036503/385770/A-simple-method-of-fabricating-mask-free,,,yes,semantic_scholar | crossref
A Versatile Open-Source Printhead for Low-Cost 3D Microextrusion-Based Bioprinting,,"https://www.mdpi.com/2073-4360/12/10/2346#:~:text=Herein%2C%20we%20present%20a%20low-cost%20easy-to-build%20printhead%20for,precise%20control%20of%20print%20temperature%20between%202%E2%80%9360%20%C2%B0C.",2020,Bioprinting,,Extrusion,Microextrusion-based bioprinting printhead,Open-source extruder/printhead,Polymers,Included (new open-source bioprinting tool),MDPI PDF,,,Open-source printhead design for microextrusion bioprinting.,Shows an open printhead design path for lowering barriers to microextrusion bioprinting.,<70 USD,Yes,yes,yes | Yes,Yes,0,"open-source hardware, firmware, documentation; 3D printable and assembled using widely available tools; easy to install on common desktop 3D printers; modular design; multi-material capability",multi‑syringe compatibility; full thermal control; multi‑material capability; broad printer compatibility; low cost; open documentation,"no long-term viability metrics,",,,,,,,,GitHub and NIH 3D Print Exchange,,bioprinting | old_table,bioprinting:28 | old_table:8,/Users/iyakavets/Library/CloudStorage/OneDrive-SharedLibraries-UniversityofToronto/Acceleration Consortium Research - AC Research Docs/SDL6 - HOM/Projects/biofacrication_perspective/deep search analysis/Open-Source Bioprinting Tools.xlsx | /Users/iyakavets/Library/CloudStorage/OneDrive-SharedLibraries-UniversityofToronto/Acceleration Consortium Research - AC Research Docs/SDL6 - HOM/Projects/biofacrication_perspective/deep search analysis/Old table.xlsx,"url, title",error,title,,,,,,,"HTTP 429: {""message"": ""Too Many Requests. Please wait and try again or apply for a key for higher rate limits. https://www.semanticscholar.org/product/api#api-key-form"", ""code"": ""429""}",ok,title,A Versatile Open-source Printhead for Low-cost 3D Microextrusion-based Bioprinting,10.20944/preprints202010.0107.v1,,https://www.preprints.org/manuscript/202010.0107/v1,http://creativecommons.org/licenses/by/4.0,,no,
Adapting a Low-Cost and Open-Source Commercial Liquid Handling Robot for High Throughput Screening,,https://pmc.ncbi.nlm.nih.gov/articles/PMC8143861/,2021,Liquid Handling,,"Automated pipetting, High-throughput screening",,Protocol/paper,(see PMC),Maybe (needs verification),PMC full text,,,Adaptation/workflow for an open-source commercial liquid handling robot (likely OT-2; verify in full text).,Practical paper showing how open-source hardware is used/adapted in real screening pipelines.,,yes,maye,maybe,yes,0,,,,,,,,,,,,,liquid_handling,liquid_handling:16,/Users/iyakavets/Library/CloudStorage/OneDrive-SharedLibraries-UniversityofToronto/Acceleration Consortium Research - AC Research Docs/SDL6 - HOM/Projects/biofacrication_perspective/deep search analysis/Open-Source Liquid Handling Hardware.xlsx,url,ok,doi,Adapting a Low-Cost and Open-Source Commercial Pipetting Robot for Nanoliter Liquid Handling,b391585afebbe3bd3292cb621e82c174b7027a01,10.1177/2472630320973591,True,http://slas-technology.org/article/S2472630322011086/pdf,https://www.semanticscholar.org/paper/b391585afebbe3bd3292cb621e82c174b7027a01,,ok,title,Adapting a Low-Cost and Open-Source Commercial Pipetting Robot for Nanoliter Liquid Handling,10.1177/2472630320973591,http://journals.sagepub.com/doi/pdf/10.1177/2472630320973591,https://linkinghub.elsevier.com/retrieve/pii/S2472630322011086,https://www.elsevier.com/tdm/userlicense/1.0/ | https://www.elsevier.com/legal/tdmrep-license | http://creativecommons.org/licenses/by-nc-nd/4.0/,,yes,semantic_scholar | crossref
An open source extrusion bioprinter based on the E3D motion system and tool changer to enable FRESH and multimaterial bioprinting,,https://www.nature.com/articles/s41598-021-00931-1,2021,Bioprinting,,"Extrusion, FRESH",,Open-source bioprinter (full system),Scientific Reports,Included (new open-source bioprinting tool),Nature Sci Rep page,,,Hardware + toolchanger-based platform enabling FRESH + multimaterial workflows.,Open-source multimaterial/FRESH-enabling design; very aligned with ‘Replistruder-like’ tooling.,,Yes,,Yes,Yes,0,,,no commercial benchmarking,,,,,,,,,,bioprinting | old_table | summary,bioprinting:27 | old_table:14 | summary:16,/Users/iyakavets/Library/CloudStorage/OneDrive-SharedLibraries-UniversityofToronto/Acceleration Consortium Research - AC Research Docs/SDL6 - HOM/Projects/biofacrication_perspective/deep search analysis/Open-Source Bioprinting Tools.xlsx | /Users/iyakavets/Library/CloudStorage/OneDrive-SharedLibraries-UniversityofToronto/Acceleration Consortium Research - AC Research Docs/SDL6 - HOM/Projects/biofacrication_perspective/deep search analysis/Old table.xlsx | /Users/iyakavets/Library/CloudStorage/OneDrive-SharedLibraries-UniversityofToronto/Acceleration Consortium Research - AC Research Docs/SDL6 - HOM/Projects/biofacrication_perspective/deep search analysis/Summary Table.xlsx,"url, title",ok,doi,An open source extrusion bioprinter based on the E3D motion system and tool changer to enable FRESH and multimaterial bioprinting,0a091d1d37c59333bf86f46d5e58e9d0b650be5e,10.1038/s41598-021-00931-1,True,https://www.nature.com/articles/s41598-021-00931-1.pdf,https://www.semanticscholar.org/paper/0a091d1d37c59333bf86f46d5e58e9d0b650be5e,,ok,title,An open source extrusion bioprinter based on the E3D motion system and tool changer to enable FRESH and multimaterial bioprinting,10.1038/s41598-021-00931-1,https://www.nature.com/articles/s41598-021-00931-1.pdf,https://www.nature.com/articles/s41598-021-00931-1,https://creativecommons.org/licenses/by/4.0 | https://creativecommons.org/licenses/by/4.0,,yes,semantic_scholar | crossref
An Open Source Syringe Pump Controller for Fluid Delivery of Multiple Volumes,10.1523/eneuro.0240-19.2019,https://www.eneuro.org/content/6/5/ENEURO.0240-19.2019,2019,Liquid Handling,,Syringe pumping,,Open-source software/control,eNeuro,Maybe (needs verification),eNeuro article + DOI,,,Open-source controller design for syringe pump fluid delivery (verify any shared code/hardware files in article).,Control-layer open tool enabling multi-volume delivery; complements open pump hardware papers.,,yes,yes,yes,yes,1,,,,,,,,,,,,,liquid_handling | old_table | summary,liquid_handling:7 | old_table:39 | summary:39,/Users/iyakavets/Library/CloudStorage/OneDrive-SharedLibraries-UniversityofToronto/Acceleration Consortium Research - AC Research Docs/SDL6 - HOM/Projects/biofacrication_perspective/deep search analysis/Open-Source Liquid Handling Hardware.xlsx | /Users/iyakavets/Library/CloudStorage/OneDrive-SharedLibraries-UniversityofToronto/Acceleration Consortium Research - AC Research Docs/SDL6 - HOM/Projects/biofacrication_perspective/deep search analysis/Old table.xlsx | /Users/iyakavets/Library/CloudStorage/OneDrive-SharedLibraries-UniversityofToronto/Acceleration Consortium Research - AC Research Docs/SDL6 - HOM/Projects/biofacrication_perspective/deep search analysis/Summary Table.xlsx,"doi, url, title",ok,doi,An Open Source Syringe Pump Controller for Fluid Delivery of Multiple Volumes,167f0be740c82009e9f57535aba02c2060db4428,10.1523/ENEURO.0240-19.2019,True,https://www.eneuro.org/content/eneuro/6/5/ENEURO.0240-19.2019.full.pdf,https://www.semanticscholar.org/paper/167f0be740c82009e9f57535aba02c2060db4428,,ok,doi,An Open Source Syringe Pump Controller for Fluid Delivery of Multiple Volumes,10.1523/eneuro.0240-19.2019,,https://www.eneuro.org/lookup/doi/10.1523/ENEURO.0240-19.2019,https://creativecommons.org/licenses/by-nc-sa/4.0/,,yes,semantic_scholar
An Open-Source 3D Bioprinter Using Direct Light Processing for Tissue Engineering Applications,10.3390/inventions10050092,https://www.mdpi.com/2411-5134/10/5/92,2025,Bioprinting,,"DLP, Vat photopolymerization",,Open-source bioprinter (full system),Inventions (MDPI),Included (new open-source bioprinting tool),MDPI landing + DOI; DOAJ abstract,,,Open-source bottom-up DLP bioprinter (control architecture + custom interface; verify shared files).,Extends the table beyond extrusion: open-source light-based bioprinting hardware.,,yes,,yes,yes,1,,,,,,,,,,,,,bioprinting | old_table | summary,bioprinting:21 | old_table:16 | summary:18,/Users/iyakavets/Library/CloudStorage/OneDrive-SharedLibraries-UniversityofToronto/Acceleration Consortium Research - AC Research Docs/SDL6 - HOM/Projects/biofacrication_perspective/deep search analysis/Open-Source Bioprinting Tools.xlsx | /Users/iyakavets/Library/CloudStorage/OneDrive-SharedLibraries-UniversityofToronto/Acceleration Consortium Research - AC Research Docs/SDL6 - HOM/Projects/biofacrication_perspective/deep search analysis/Old table.xlsx | /Users/iyakavets/Library/CloudStorage/OneDrive-SharedLibraries-UniversityofToronto/Acceleration Consortium Research - AC Research Docs/SDL6 - HOM/Projects/biofacrication_perspective/deep search analysis/Summary Table.xlsx,"doi, url, title",ok,doi,An Open-Source 3D Bioprinter Using Direct Light Processing for Tissue Engineering Applications,c6f072a8cbcbad621541c8e0c17d7cb81a9924f1,10.3390/inventions10050092,False,,https://www.semanticscholar.org/paper/c6f072a8cbcbad621541c8e0c17d7cb81a9924f1,,ok,doi,An Open-Source 3D Bioprinter Using Direct Light Processing for Tissue Engineering Applications,10.3390/inventions10050092,,https://www.mdpi.com/2411-5134/10/5/92,https://creativecommons.org/licenses/by/4.0/,,no,
An open-source and low-cost dual-extruder 3D printer for macroscale biotic materials,10.1007/s40964-025-01383-z,https://link.springer.com/article/10.1007/s40964-025-01383-z,2025,Bioprinting,,Extrusion,,Open-source bioprinter (full system),Progress in Additive Manufacturing,Maybe (open-source but not bioprinting-specific),Springer landing + MIT OA handle,,https://hdl.handle.net/1721.1/163502,Open-source dual-extruder printer for biotic materials (verify relevance to bioprinting / bioinks).,Late-2025 open-access paper; potentially relevant for ‘biotic’ material extrusion.,,yes,,yes,yes,0,,,,,,,,,,,,,bioprinting,bioprinting:35,/Users/iyakavets/Library/CloudStorage/OneDrive-SharedLibraries-UniversityofToronto/Acceleration Consortium Research - AC Research Docs/SDL6 - HOM/Projects/biofacrication_perspective/deep search analysis/Open-Source Bioprinting Tools.xlsx,"doi, url",ok,doi,An open-source and low-cost dual-extruder 3D printer for macroscale biotic materials,f3311add5de8fb92e8fda9591c3481279e44bc3d,10.1007/s40964-025-01383-z,False,,https://www.semanticscholar.org/paper/f3311add5de8fb92e8fda9591c3481279e44bc3d,,ok,doi,An open-source and low-cost dual-extruder 3D printer for macroscale biotic materials,10.1007/s40964-025-01383-z,https://link.springer.com/content/pdf/10.1007/s40964-025-01383-z.pdf,https://link.springer.com/10.1007/s40964-025-01383-z,https://creativecommons.org/licenses/by/4.0 | https://creativecommons.org/licenses/by/4.0,,yes,crossref
Analytical Measurements and Efficient Process Generation Using a Dual–Arm Robot Equipped with Electronic Pipettes,10.3390/en11102567,https://doi.org/10.3390/en11102567,2018,Liquid Handling,,"Automation, Pipetting/dispensing",,Protocol/paper,Energies,Maybe (needs verification),,,,,Dual-arm robot using electronic pipettes for liquid handling in analytical workflows.,,no,no,yes,no,0,,,,,,,,,,,,,liquid_handling,liquid_handling:31,/Users/iyakavets/Library/CloudStorage/OneDrive-SharedLibraries-UniversityofToronto/Acceleration Consortium Research - AC Research Docs/SDL6 - HOM/Projects/biofacrication_perspective/deep search analysis/Open-Source Liquid Handling Hardware.xlsx,"doi, url",ok,doi,Analytical Measurements and Efficient Process Generation Using a Dual–Arm Robot Equipped with Electronic Pipettes,9ebbccbd14b1fbbb94eb2f1ca6c69d7a79e157c0,10.3390/EN11102567,True,https://www.mdpi.com/1996-1073/11/10/2567/pdf?version=1537959387,https://www.semanticscholar.org/paper/9ebbccbd14b1fbbb94eb2f1ca6c69d7a79e157c0,,ok,doi,Analytical Measurements and Efficient Process Generation Using a Dual–Arm Robot Equipped with Electronic Pipettes,10.3390/en11102567,,https://www.mdpi.com/1996-1073/11/10/2567,https://creativecommons.org/licenses/by/4.0/,,yes,semantic_scholar
"Automation of biochemical assays using an open-sourced, inexpensive robotic liquid handler",10.1016/j.slast.2024.100205,https://doi.org/10.1016/j.slast.2024.100205,2024,Liquid Handling,,"Automated pipetting, Automation, High-throughput screening",,Protocol/paper,SLAS TECHNOLOGY,Included (open-source liquid handling hardware),,,,,,,no (requires OT-2),"n/a (software, not hardware)",yes,yes,0,,,,,,,,,,,,,liquid_handling,liquid_handling:27,/Users/iyakavets/Library/CloudStorage/OneDrive-SharedLibraries-UniversityofToronto/Acceleration Consortium Research - AC Research Docs/SDL6 - HOM/Projects/biofacrication_perspective/deep search analysis/Open-Source Liquid Handling Hardware.xlsx,"doi, url",ok,doi,"Automation of Biochemical Assays Using an Open-sourced, Inexpensive Robotic Liquid Handler.",139502ff5718e51800acccd5ef6c1198c06abdb1,10.1016/j.slast.2024.100205,True,https://doi.org/10.1016/j.slast.2024.100205,https://www.semanticscholar.org/paper/139502ff5718e51800acccd5ef6c1198c06abdb1,,ok,doi,"Automation of biochemical assays using an open-sourced, inexpensive robotic liquid handler",10.1016/j.slast.2024.100205,,https://linkinghub.elsevier.com/retrieve/pii/S2472630324000876,https://www.elsevier.com/tdm/userlicense/1.0/ | https://www.elsevier.com/legal/tdmrep-license | http://creativecommons.org/licenses/by-nc-nd/4.0/,,yes,semantic_scholar
"BioCloneBot: A versatile, low-cost, and open-source automated liquid handler",10.1016/j.ohx.2024.e00516,https://pmc.ncbi.nlm.nih.gov/articles/PMC10955647/,2024,Liquid Handling,,"Automated pipetting, Liquid handling",,Open-source liquid handler (full robot),HardwareX,Included (open-source liquid handling hardware),PMC full text + DOI; GitHub,,https://github.com/KoaCWells/BioCloneBot,BioCloneBot hardware + build for a low-cost open-source automated liquid handler (verify scope of released design files in paper/GitHub).,One of the clearest recent open-hardware liquid-handling robots with a full paper + accessible full text.,,yes,no,yes,yes,0,,,,,,,,,,,,,liquid_handling,liquid_handling:19,/Users/iyakavets/Library/CloudStorage/OneDrive-SharedLibraries-UniversityofToronto/Acceleration Consortium Research - AC Research Docs/SDL6 - HOM/Projects/biofacrication_perspective/deep search analysis/Open-Source Liquid Handling Hardware.xlsx,"doi, url",ok,doi,"BioCloneBot: A versatile, low-cost, and open-source automated liquid handler",260ee449c215431a576f768e3e3622fb44b7ded3,10.1016/j.ohx.2024.e00516,True,https://doi.org/10.1016/j.ohx.2024.e00516,https://www.semanticscholar.org/paper/260ee449c215431a576f768e3e3622fb44b7ded3,,ok,doi,"BioCloneBot: A versatile, low-cost, and open-source automated liquid handler",10.1016/j.ohx.2024.e00516,,https://linkinghub.elsevier.com/retrieve/pii/S2468067224000105,https://www.elsevier.com/tdm/userlicense/1.0/ | https://www.elsevier.com/legal/tdmrep-license | http://creativecommons.org/licenses/by-nc-nd/4.0/,,yes,semantic_scholar
Commit: Digital pipette: open hardware for liquid transfer in self-driving laboratories,10.1039/d5dd00336a,https://pubs.rsc.org/en/content/articlelanding/2026/dd/d5dd00336a,2026,Liquid Handling,,Pipetting/dispensing,Commit: Digital Pipette | Commit: Digital Pipette (v2),Open-source pipette/dispenser (handheld or module),Digital Discovery,Included (open-source liquid handling hardware),RSC article landing + DOI,CC BY 3.0 (per RSC page),,Digital pipette v2: low-cost 3D-printed liquid transfer device designed for robotic arms with exchangeable tips.,Open hardware for accurate liquid transfer in self-driving labs; reports accuracy within ISO 8655-2 permissible error.,300 USD | ~300,yes,yes,yes,yes,1,"open-source hardware and design files available on GitHub, accessible fabrication (3D printed), compatible with standard robotic gripper, compatible with commerical pipette tips which allows for multi-liquid workflows, rapid assembly and modular components, reliable (ISO-compliant accuracy)","flexible, precise, low‑cost liquid handling that existing gantry‑based robots and human‑designed pipettes can’t provide. Open‑source, disposable‑tip‑compatible pipette that supports contamination‑free, multi‑liquid workflows in real experimental environments.",Requires a robot arm/gripper to operate -- not a standalone bench tool,Robot-mounted 3D-printed digital pipette for liquid transfer in self-driving labs,~10 min assembly (pipette unit itself),Low,3D printing; basic assembly; integration with robot gripper/arm,0.2% random error at 10 mL nominal volume (ISO 8655-6); meets ISO 8655-2 accuracy range,Single-channel; compatible with standard two-finger robot grippers; supports tip-exchange for multi-liquid workflows,Compatible with standard commercial pipette tips; contamination-free multi-liquid workflows,GitHub | Design files and documentation on GitHub,"Open-source, low-cost, ISO-compliant accuracy; integrates with robot arms (not just gantries); disposable-tip compatible",liquid_handling | old_table | summary,liquid_handling:2 | old_table:2 | summary:2,/Users/iyakavets/Library/CloudStorage/OneDrive-SharedLibraries-UniversityofToronto/Acceleration Consortium Research - AC Research Docs/SDL6 - HOM/Projects/biofacrication_perspective/deep search analysis/Open-Source Liquid Handling Hardware.xlsx | /Users/iyakavets/Library/CloudStorage/OneDrive-SharedLibraries-UniversityofToronto/Acceleration Consortium Research - AC Research Docs/SDL6 - HOM/Projects/biofacrication_perspective/deep search analysis/Old table.xlsx | /Users/iyakavets/Library/CloudStorage/OneDrive-SharedLibraries-UniversityofToronto/Acceleration Consortium Research - AC Research Docs/SDL6 - HOM/Projects/biofacrication_perspective/deep search analysis/Summary Table.xlsx,"doi, url, title",ok,doi,Commit: Digital pipette: open hardware for liquid transfer in self-driving laboratories,4ebe564339791fa3623ba35e495f17ab5e0d360f,10.1039/d5dd00336a,False,,https://www.semanticscholar.org/paper/4ebe564339791fa3623ba35e495f17ab5e0d360f,,ok,doi,Commit: Digital pipette: open hardware for liquid transfer in self-driving laboratories,10.1039/d5dd00336a,,https://pubs.rsc.org/dd/article/5/1/93-97/889162,http://creativecommons.org/licenses/by/3.0/,,no,
Deep integration of low-cost liquid handling robots in an industrial pharmaceutical development environment,10.1016/j.slast.2024.100180,https://doi.org/10.1016/j.slast.2024.100180,2024,Liquid Handling,,"Automated pipetting, Automation, Workflow automation",,Protocol/paper,SLAS TECHNOLOGY,Included (open-source liquid handling hardware),,,,,,,no (requires OT-2),no,yes,"no (workflow orchestration software, AutoLab is not)",0,,,,,,,,,,,,,liquid_handling,liquid_handling:26,/Users/iyakavets/Library/CloudStorage/OneDrive-SharedLibraries-UniversityofToronto/Acceleration Consortium Research - AC Research Docs/SDL6 - HOM/Projects/biofacrication_perspective/deep search analysis/Open-Source Liquid Handling Hardware.xlsx,"doi, url",ok,doi,Deep integration of low-cost liquid handling robots in an industrial pharmaceutical development environment.,976a758e1891580b3a448f1b3c1d624f77435487,10.1016/j.slast.2024.100180,False,,https://www.semanticscholar.org/paper/976a758e1891580b3a448f1b3c1d624f77435487,,ok,doi,Deep integration of low-cost liquid handling robots in an industrial pharmaceutical development environment,10.1016/j.slast.2024.100180,,https://linkinghub.elsevier.com/retrieve/pii/S2472630324000621,https://www.elsevier.com/tdm/userlicense/1.0/ | https://www.elsevier.com/legal/tdmrep-license | http://creativecommons.org/licenses/by-nc-nd/4.0/,,no,
"Design and implementation of a low cost bio-printer modification, allowing for switching between plastic and gel extrusion",,"Design and implementation of a low cost bio-printer modification, allowing for switching between plastic and gel extrusion - ScienceDirect",,bioprinting,,,,,,,,,,,,,,,,,,,,,,,,,,,,,,old_table | summary,old_table:12 | summary:14,/Users/iyakavets/Library/CloudStorage/OneDrive-SharedLibraries-UniversityofToronto/Acceleration Consortium Research - AC Research Docs/SDL6 - HOM/Projects/biofacrication_perspective/deep search analysis/Old table.xlsx | /Users/iyakavets/Library/CloudStorage/OneDrive-SharedLibraries-UniversityofToronto/Acceleration Consortium Research - AC Research Docs/SDL6 - HOM/Projects/biofacrication_perspective/deep search analysis/Summary Table.xlsx,url,ok,doi,"Design and implementation of a low cost bio-printer modification, allowing for switching between plastic and gel extrusion",a0db07c57616cd688e385166e4324ad6ceb63ce5,10.1016/j.ohx.2021.e00186,True,http://www.hardware-x.com/article/S2468067221000158/pdf,https://www.semanticscholar.org/paper/a0db07c57616cd688e385166e4324ad6ceb63ce5,,ok,title,"Design and implementation of a low cost bio-printer modification, allowing for switching between plastic and gel extrusion",10.1016/j.ohx.2021.e00186,,https://linkinghub.elsevier.com/retrieve/pii/S2468067221000158,https://www.elsevier.com/tdm/userlicense/1.0/ | https://www.elsevier.com/legal/tdmrep-license | http://creativecommons.org/licenses/by/4.0/,,yes,semantic_scholar
Design and Implementation of an Accessible 3D Bioprinter: Benchmarking the Performance of a Home-Made Bioprinter against a Professional Bioprinter,,https://www.mdpi.com/2076-3417/13/18/10213,2023,Bioprinting,,Extrusion,,Open-source bioprinter (full system),Applied Sciences (MDPI),Maybe (open-source but not bioprinting-specific),MDPI landing,,,Accessible/home-made bioprinter design + benchmarking (verify availability of source files).,"If files are shared, this is a solid ‘DIY vs commercial’ benchmarking reference.",,Yes,,Yes,Yes,1,,,,,,,,,,,,,bioprinting,bioprinting:13,/Users/iyakavets/Library/CloudStorage/OneDrive-SharedLibraries-UniversityofToronto/Acceleration Consortium Research - AC Research Docs/SDL6 - HOM/Projects/biofacrication_perspective/deep search analysis/Open-Source Bioprinting Tools.xlsx,url,ok,doi,Design and Implementation of an Accessible 3D Bioprinter: Benchmarking the Performance of a Home-Made Bioprinter against a Professional Bioprinter,82c1cdf95aa2cab98826726f2da9054d8b0b71a1,10.3390/app131810213,True,https://www.mdpi.com/2076-3417/13/18/10213/pdf?version=1694488075,https://www.semanticscholar.org/paper/82c1cdf95aa2cab98826726f2da9054d8b0b71a1,,ok,title,Design and Implementation of an Accessible 3D Bioprinter: Benchmarking the Performance of a Home-Made Bioprinter against a Professional Bioprinter,10.3390/app131810213,,https://www.mdpi.com/2076-3417/13/18/10213,https://creativecommons.org/licenses/by/4.0/,,yes,semantic_scholar
Design and Validation of a Piston-Driven Syringe-Extrusion Bioprinter Using an FDM Frame,,https://www.mdpi.com/2313-7673/10/12/811,2024,Bioprinting,,Extrusion,,Open-source bioprinter (full system),(MDPI journal; see landing),Maybe (open-source but not bioprinting-specific),MDPI landing,,,Piston-driven syringe extrusion bioprinter using an FDM frame (verify open CAD/files).,Another replicable syringe-extrusion build pattern; include if authors provide files.,,yes,,Yes,Yes,1,,,,,,,,,,,,,bioprinting,bioprinting:14,/Users/iyakavets/Library/CloudStorage/OneDrive-SharedLibraries-UniversityofToronto/Acceleration Consortium Research - AC Research Docs/SDL6 - HOM/Projects/biofacrication_perspective/deep search analysis/Open-Source Bioprinting Tools.xlsx,url,ok,doi,Design and Validation of a Piston-Driven Syringe-Extrusion Bioprinter Using an FDM Frame,f96bd2b8ad3d6ce74221c5d0b76b9b66f49cb6d7,10.3390/biomimetics10120811,False,,https://www.semanticscholar.org/paper/f96bd2b8ad3d6ce74221c5d0b76b9b66f49cb6d7,,ok,title,Design and Validation of a Piston-Driven Syringe-Extrusion Bioprinter Using an FDM Frame,10.3390/biomimetics10120811,,https://www.mdpi.com/2313-7673/10/12/811,https://creativecommons.org/licenses/by/4.0/,,no,
Design and Validation of an Open-Hardware Print-Head for Bioprinting Application,10.1016/j.proeng.2015.07.015,https://www.sciencedirect.com/science/article/pii/S1877705815012564,2015,Liquid Handling | Bioprinting,,Extrusion,,Open-source extruder/printhead,Procedia Engineering,Included (new open-source bioprinting tool),ScienceDirect landing + DOI,,,Open-hardware printhead design for bioprinting applications.,Dedicated open-hardware printhead paper; good historical anchor beyond syringe conversions.,,yes,,yes,yes,1,,,,,,,,,,,,,bioprinting | old_table | summary,bioprinting:19 | old_table:46 | summary:46,/Users/iyakavets/Library/CloudStorage/OneDrive-SharedLibraries-UniversityofToronto/Acceleration Consortium Research - AC Research Docs/SDL6 - HOM/Projects/biofacrication_perspective/deep search analysis/Open-Source Bioprinting Tools.xlsx | /Users/iyakavets/Library/CloudStorage/OneDrive-SharedLibraries-UniversityofToronto/Acceleration Consortium Research - AC Research Docs/SDL6 - HOM/Projects/biofacrication_perspective/deep search analysis/Old table.xlsx | /Users/iyakavets/Library/CloudStorage/OneDrive-SharedLibraries-UniversityofToronto/Acceleration Consortium Research - AC Research Docs/SDL6 - HOM/Projects/biofacrication_perspective/deep search analysis/Summary Table.xlsx,"doi, url, title",ok,doi,Design and Validation of an Open-Hardware Print-Head for Bioprinting Application,d13d3c339872e6005450d37c66a96d3724dfbb2c,10.1016/J.PROENG.2015.07.015,True,https://doi.org/10.1016/j.proeng.2015.07.015,https://www.semanticscholar.org/paper/d13d3c339872e6005450d37c66a96d3724dfbb2c,,ok,doi,Design and Validation of an Open-Hardware Print-Head for Bioprinting Application,10.1016/j.proeng.2015.07.015,,https://linkinghub.elsevier.com/retrieve/pii/S1877705815012564,https://www.elsevier.com/tdm/userlicense/1.0/ | http://creativecommons.org/licenses/by-nc-nd/4.0/,,yes,semantic_scholar
"Design of an Open-Source, Low-Cost Bioink and Food Melt Extrusion 3D Printer",10.3791/59834,https://www.jove.com/t/59834/design-an-open-source-low-cost-bioink-food-melt-extrusion-3d,2020,Bioprinting,,Extrusion,,Open-source bioprinter (full system),JoVE,Maybe (open-source but not bioprinting-specific),JoVE landing + DOI,,,Open-source low-cost extrusion printer design (bioink + food melt extrusion) with build guidance.,Concrete reproducible build/protocol paper; directly aligned with ‘new open tools’ ask.,,yes,,yes,yes,1,,,,,,,,,,,,,bioprinting,bioprinting:20,/Users/iyakavets/Library/CloudStorage/OneDrive-SharedLibraries-UniversityofToronto/Acceleration Consortium Research - AC Research Docs/SDL6 - HOM/Projects/biofacrication_perspective/deep search analysis/Open-Source Bioprinting Tools.xlsx,"doi, url",ok,doi,"Design of an Open-Source, Low-Cost Bioink and Food Melt Extrusion 3D Printer.",cb6944581e31372f1c4a406c119304c840ff1a8f,10.3791/59834,True,https://eprints.qut.edu.au/129047/11/129047.pdf,https://www.semanticscholar.org/paper/cb6944581e31372f1c4a406c119304c840ff1a8f,,ok,doi,"Design of an Open-Source, Low-Cost Bioink and Food Melt Extrusion 3D Printer",10.3791/59834,,https://app.jove.com/t/59834,,,yes,semantic_scholar
Design of Multi-nozzle Bio-3D Printer System Based on Marlin Firmware,10.1007/978-981-16-7381-8_103,https://link.springer.com/chapter/10.1007/978-981-16-7381-8_103,2022,Bioprinting,,Extrusion,,Open-source firmware/software,Advances in Mechanical Design (ICMD 2021) (Springer),Maybe (open-source but not bioprinting-specific),Springer chapter landing + DOI,,,Bioprinter system design based on Marlin firmware for multi-nozzle control (verify code/config release).,Firmware-centric ‘open tool’ angle: multi-nozzle control on common open firmware.,,no,,no,unknown,0,,,,,,,,,,,,,bioprinting,bioprinting:33,/Users/iyakavets/Library/CloudStorage/OneDrive-SharedLibraries-UniversityofToronto/Acceleration Consortium Research - AC Research Docs/SDL6 - HOM/Projects/biofacrication_perspective/deep search analysis/Open-Source Bioprinting Tools.xlsx,"doi, url",error,title,,,,,,,"HTTP 429: {""message"": ""Too Many Requests. Please wait and try again or apply for a key for higher rate limits. https://www.semanticscholar.org/product/api#api-key-form"", ""code"": ""429""}",ok,doi,Design of Multi-nozzle Bio-3D Printer System Based on Marlin Firmware,10.1007/978-981-16-7381-8_103,,https://link.springer.com/10.1007/978-981-16-7381-8_103,https://www.springer.com/tdm | https://www.springer.com/tdm,,no,
Designing cost-effective open-source multihead 3D bioprinters,,https://pmc.ncbi.nlm.nih.gov/articles/PMC9426752/,2022,bioprinting | Bioprinting,,Extrusion,,Open-source bioprinter (full system),(see PMC),Included (new open-source bioprinting tool),PMC full text,,,Conversion approach + multihead bioprinter build details (verify linked repos/files).,Practical open-source path to multi-material/multihead bioprinting; widely replicable.,,Yes,,Yes,Yes,1,,,,,,,,,,,,,bioprinting | old_table | summary,bioprinting:12 | old_table:11 | summary:13,/Users/iyakavets/Library/CloudStorage/OneDrive-SharedLibraries-UniversityofToronto/Acceleration Consortium Research - AC Research Docs/SDL6 - HOM/Projects/biofacrication_perspective/deep search analysis/Open-Source Bioprinting Tools.xlsx | /Users/iyakavets/Library/CloudStorage/OneDrive-SharedLibraries-UniversityofToronto/Acceleration Consortium Research - AC Research Docs/SDL6 - HOM/Projects/biofacrication_perspective/deep search analysis/Old table.xlsx | /Users/iyakavets/Library/CloudStorage/OneDrive-SharedLibraries-UniversityofToronto/Acceleration Consortium Research - AC Research Docs/SDL6 - HOM/Projects/biofacrication_perspective/deep search analysis/Summary Table.xlsx,"url, title",ok,doi,Designing Cost-Effective Open-Source Multihead 3D Bioprinters,d4c878fbfc4b9fb9a7d8dc87cc096a18ee9f60ae,10.1089/genbio.2022.0021,True,https://www.ncbi.nlm.nih.gov/pmc/articles/PMC9426752,https://www.semanticscholar.org/paper/d4c878fbfc4b9fb9a7d8dc87cc096a18ee9f60ae,,ok,title,Designing Cost-Effective Open-Source Multihead 3D Bioprinters,10.1089/genbio.2022.0021,https://journals.sagepub.com/doi/pdf/10.1089/genbio.2022.0021,https://journals.sagepub.com/doi/10.1089/genbio.2022.0021,https://journals.sagepub.com/page/policies/text-and-data-mining-license,,yes,semantic_scholar | crossref
"Designing Cost-Effective, Open-Source, Multi-Head Bioprinters via Conversion of Hobby-Grade 3D Printers",10.1101/2022.03.24.483055,https://www.biorxiv.org/content/10.1101/2022.03.24.483055v1.full.pdf,2022,Bioprinting,,Extrusion,,Preprint,bioRxiv,Included (new open-source bioprinting tool),bioRxiv PDF,,,Conversion approach + multi-head design to transform hobby-grade printers into bioprinters.,Practical recipe for labs; in-scope as an open tool/system even if preprint.,,Yes,,Yes,Yes,1,,,,,,,,,,,,,bioprinting,bioprinting:4,/Users/iyakavets/Library/CloudStorage/OneDrive-SharedLibraries-UniversityofToronto/Acceleration Consortium Research - AC Research Docs/SDL6 - HOM/Projects/biofacrication_perspective/deep search analysis/Open-Source Bioprinting Tools.xlsx,"doi, url",ok,doi,"Designing Cost-Effective, Open-Source, Multi-Head Bioprinters via Conversion of Hobby-Grade 3D Printers",7a25914f196cd2f6bd6209c96fd1c2e75f6562b5,10.1101/2022.03.24.483055,True,https://doi.org/10.1101/2022.03.24.483055,https://www.semanticscholar.org/paper/7a25914f196cd2f6bd6209c96fd1c2e75f6562b5,,ok,doi,"Designing Cost-Effective, Open-Source, Multi-Head Bioprinters via Conversion of Hobby-Grade 3D Printers",10.1101/2022.03.24.483055,,http://biorxiv.org/lookup/doi/10.1101/2022.03.24.483055,,,yes,semantic_scholar
Development and implementation of a significantly low-cost 3D bioprinter using recycled scrap material,10.3389/fbioe.2023.1108396 | 10.3389/fbioe.2023.1108396/full,https://www.frontiersin.org/journals/bioengineering-and-biotechnology/articles/10.3389/fbioe.2023.1108396/full,2023,Bioprinting,,Extrusion,Microextrusion bioprinter | Microextrusion bioprinter (recycled scrap material),Open-source bioprinter (full system),Frontiers in Bioengineering and Biotechnology,Maybe (open-source but not bioprinting-specific),Frontiers methods article + DOI,,,Low-cost bioprinter build approach using recycled/scrap materials (verify design files).,Shows extreme cost-reduction approach; practical for access/democratization discussions.,260 USD | 260,yes,yes,maybe | yes,yes,1,"can be built from locally-sourced materials (scrap metal), no 3D printer required",increase accessibility to bioprinting and democratize teaching of basic techniques,Resolution/precision tradeoffs from using scrap/recycled components; build quality may vary with available scrap materials,Low-cost 3D bioprinter built from recycled scrap metal and off-the-shelf electronics; no 3D printer required to build it,Not reported,Moderate,Metalworking/scrap fabrication; basic electronics assembly; no 3D printer access required,Z-axis step resolution of 10 um; 40 mm/s max non-printing move speed; 2-10 mm/s typical print speed,Single-construct printer,"Demonstrated with alginate/gelatin bioink blends, incl. calcium chloride crosslinking","GitHub, CAD files, assembly schematics",Can be built from locally-sourced/scrap materials without needing a 3D printer; increases accessibility and is useful for teaching basic bioprinting techniques,bioprinting | old_table | summary,bioprinting:18 | old_table:9 | summary:9,/Users/iyakavets/Library/CloudStorage/OneDrive-SharedLibraries-UniversityofToronto/Acceleration Consortium Research - AC Research Docs/SDL6 - HOM/Projects/biofacrication_perspective/deep search analysis/Open-Source Bioprinting Tools.xlsx | /Users/iyakavets/Library/CloudStorage/OneDrive-SharedLibraries-UniversityofToronto/Acceleration Consortium Research - AC Research Docs/SDL6 - HOM/Projects/biofacrication_perspective/deep search analysis/Old table.xlsx | /Users/iyakavets/Library/CloudStorage/OneDrive-SharedLibraries-UniversityofToronto/Acceleration Consortium Research - AC Research Docs/SDL6 - HOM/Projects/biofacrication_perspective/deep search analysis/Summary Table.xlsx,"doi, url, title",error,title,,,,,,,"HTTP 429: {""message"": ""Too Many Requests. Please wait and try again or apply for a key for higher rate limits. https://www.semanticscholar.org/product/api#api-key-form"", ""code"": ""429""}",ok,doi,Development and implementation of a significantly low-cost 3D bioprinter using recycled scrap material,10.3389/fbioe.2023.1108396,,https://www.frontiersin.org/articles/10.3389/fbioe.2023.1108396/full,https://creativecommons.org/licenses/by/4.0/,,no,
Development of a high-performance open-source 3D bioprinter,10.1038/s41598-022-26809-4,https://pmc.ncbi.nlm.nih.gov/articles/PMC9805454/,2022,Bioprinting,,Extrusion,,Open-source bioprinter (full system),Scientific Reports,Included (new open-source bioprinting tool),PMC full text + DOI,,,Hardware design + build details for a bioprinter platform (verify repo in paper).,Canonical ‘Feinberg lab’ open-source bioprinter paper; directly in-scope for new open tools.,,Yes,,Yes,Yes,1,,,"no cell viability or functional validation, how reproducible is the building (e.g. build time, failure rate, user variability)",,,,,,,,,,bioprinting | old_table | summary,bioprinting:2 | old_table:13 | summary:15,/Users/iyakavets/Library/CloudStorage/OneDrive-SharedLibraries-UniversityofToronto/Acceleration Consortium Research - AC Research Docs/SDL6 - HOM/Projects/biofacrication_perspective/deep search analysis/Open-Source Bioprinting Tools.xlsx | /Users/iyakavets/Library/CloudStorage/OneDrive-SharedLibraries-UniversityofToronto/Acceleration Consortium Research - AC Research Docs/SDL6 - HOM/Projects/biofacrication_perspective/deep search analysis/Old table.xlsx | /Users/iyakavets/Library/CloudStorage/OneDrive-SharedLibraries-UniversityofToronto/Acceleration Consortium Research - AC Research Docs/SDL6 - HOM/Projects/biofacrication_perspective/deep search analysis/Summary Table.xlsx,"doi, url, title",ok,doi,Development of a high-performance open-source 3D bioprinter,d97f45598d9bd3220747760dec3bd6775ee66e34,10.1038/s41598-022-26809-4,True,https://www.nature.com/articles/s41598-022-26809-4.pdf,https://www.semanticscholar.org/paper/d97f45598d9bd3220747760dec3bd6775ee66e34,,ok,doi,Development of a high-performance open-source 3D bioprinter,10.1038/s41598-022-26809-4,https://www.nature.com/articles/s41598-022-26809-4.pdf,https://www.nature.com/articles/s41598-022-26809-4,https://creativecommons.org/licenses/by/4.0 | https://creativecommons.org/licenses/by/4.0,,yes,semantic_scholar | crossref
Development of a High-Performance Open-Source 3D Bioprinter (preprint),10.1101/2022.09.11.507416,https://www.biorxiv.org/content/10.1101/2022.09.11.507416v1.full,2022,Bioprinting,,Extrusion,,Preprint,bioRxiv,Maybe (open-source but not bioprinting-specific),bioRxiv full text,,,Preprint describing the open-source high-performance bioprinter later published in Sci Rep (verify deltas + any linked repos).,Captures preprint artifacts (sometimes includes extra build details / early repo links).,,yes,,yes,yes,1,,,,,,,,,,,,,bioprinting,bioprinting:24,/Users/iyakavets/Library/CloudStorage/OneDrive-SharedLibraries-UniversityofToronto/Acceleration Consortium Research - AC Research Docs/SDL6 - HOM/Projects/biofacrication_perspective/deep search analysis/Open-Source Bioprinting Tools.xlsx,"doi, url",error,title,,,,,,,"HTTP 429: {""message"": ""Too Many Requests. Please wait and try again or apply for a key for higher rate limits. https://www.semanticscholar.org/product/api#api-key-form"", ""code"": ""429""}",ok,doi,Development of a High-Performance Open-Source 3D Bioprinter,10.1101/2022.09.11.507416,,http://biorxiv.org/lookup/doi/10.1101/2022.09.11.507416,,,no,
Development of a Microfluidic Open Source 3D bioprinting System (MOS3S) for the engineering of hierarchical tissues,10.17632/s8bpwp2ryb.1,https://data.mendeley.com/datasets/s8bpwp2ryb/1,2024,Bioprinting,,Extrusion,,Open-source bioprinter (full system),(dataset/repo),Maybe (open-source but not bioprinting-specific),Mendeley Data DOI,,https://data.mendeley.com/datasets/s8bpwp2ryb/1,Open-source microfluidic bioprinting system resources (dataset/repo).,"Not a formal paper link, but a recent open repository that may correspond to a paper; good lead.",,yes,,yes,yes,1,,,,,,,,,,,,,bioprinting,bioprinting:25,/Users/iyakavets/Library/CloudStorage/OneDrive-SharedLibraries-UniversityofToronto/Acceleration Consortium Research - AC Research Docs/SDL6 - HOM/Projects/biofacrication_perspective/deep search analysis/Open-Source Bioprinting Tools.xlsx,"doi, url",error,title,,,,,,,"HTTP 429: {""message"": ""Too Many Requests. Please wait and try again or apply for a key for higher rate limits. https://www.semanticscholar.org/product/api#api-key-form"", ""code"": ""429""}",ok,title,Development of a Microfluidic Open Source 3D Bioprinting System (MOS3S) for the Engineering of Hierarchical Tissues,10.2139/ssrn.4595286,,https://www.ssrn.com/abstract=4595286,,,no,
Development of a microfluidic-assisted open-source 3D bioprinting system (MOS3S) for the engineering of hierarchical tissues,,Development of a microfluidic-assisted open-source 3D bioprinting system (MOS3S) for the engineering of hierarchical tissues - ScienceDirect,,bioprinting,,,,,,,,,,,,,,,,,,,,,,,,,,,,,,old_table | summary,old_table:10 | summary:12,/Users/iyakavets/Library/CloudStorage/OneDrive-SharedLibraries-UniversityofToronto/Acceleration Consortium Research - AC Research Docs/SDL6 - HOM/Projects/biofacrication_perspective/deep search analysis/Old table.xlsx | /Users/iyakavets/Library/CloudStorage/OneDrive-SharedLibraries-UniversityofToronto/Acceleration Consortium Research - AC Research Docs/SDL6 - HOM/Projects/biofacrication_perspective/deep search analysis/Summary Table.xlsx,url,ok,doi,Development of a microfluidic-assisted open-source 3D bioprinting system (MOS3S) for the engineering of hierarchical tissues,f8d9b7e8b71daf0992867ba3a8f887d30f9b144d,10.1016/j.ohx.2024.e00527,False,,https://www.semanticscholar.org/paper/f8d9b7e8b71daf0992867ba3a8f887d30f9b144d,,ok,title,Development of a microfluidic-assisted open-source 3D bioprinting system (MOS3S) for the engineering of hierarchical tissues,10.1016/j.ohx.2024.e00527,,https://linkinghub.elsevier.com/retrieve/pii/S246806722400021X,https://www.elsevier.com/tdm/userlicense/1.0/ | https://www.elsevier.com/legal/tdmrep-license | http://creativecommons.org/licenses/by-nc-nd/4.0/,,no,
Development of a Robotic System for Automatic Organic Chemistry Synthesis,10.1109/tase.2020.3036055,https://doi.org/10.1109/TASE.2020.3036055,2020,Liquid Handling,,"Automation, Liquid handling, Workflow automation",,Protocol/paper,IEEE Transactions on Automation Science and Engineering,Maybe (needs verification),,,,,"Robot-arm-based chemistry automation with liquid handling, mixing, filtering—generalizable robot-arm approach.",,no,no,no,no,0,,,,,,,,,,,,,liquid_handling,liquid_handling:30,/Users/iyakavets/Library/CloudStorage/OneDrive-SharedLibraries-UniversityofToronto/Acceleration Consortium Research - AC Research Docs/SDL6 - HOM/Projects/biofacrication_perspective/deep search analysis/Open-Source Liquid Handling Hardware.xlsx,"doi, url",ok,doi,Development of a Robotic System for Automatic Organic Chemistry Synthesis,c521dd916fffc59d00b41621c25221467d8c9da7,10.1109/tase.2020.3036055,True,https://arxiv.org/pdf/1906.07939,https://www.semanticscholar.org/paper/c521dd916fffc59d00b41621c25221467d8c9da7,,ok,doi,Development of a Robotic System for Automatic Organic Chemistry Synthesis,10.1109/tase.2020.3036055,,https://ieeexplore.ieee.org/document/9262962/,https://ieeexplore.ieee.org/Xplorehelp/downloads/license-information/IEEE.html | https://doi.org/10.15223/policy-029 | https://doi.org/10.15223/policy-037,,yes,semantic_scholar
Evaluation of Microplate Handling Accuracy for Applying Robotic Arms in Laboratory Automation,10.1101/2023.12.29.573685,https://doi.org/10.1101/2023.12.29.573685,2024,Liquid Handling,,"Automation, High-throughput screening",,Preprint,bioRxiv,Maybe (needs verification),,,,,Quantifies robot-arm positioning requirements for microplate transfer—key enabler around liquid handlers.,,yes,yes,yes,yes,1,,,,,,,,,,,,,liquid_handling | old_table | summary,liquid_handling:13 | old_table:41 | summary:41,/Users/iyakavets/Library/CloudStorage/OneDrive-SharedLibraries-UniversityofToronto/Acceleration Consortium Research - AC Research Docs/SDL6 - HOM/Projects/biofacrication_perspective/deep search analysis/Open-Source Liquid Handling Hardware.xlsx | /Users/iyakavets/Library/CloudStorage/OneDrive-SharedLibraries-UniversityofToronto/Acceleration Consortium Research - AC Research Docs/SDL6 - HOM/Projects/biofacrication_perspective/deep search analysis/Old table.xlsx | /Users/iyakavets/Library/CloudStorage/OneDrive-SharedLibraries-UniversityofToronto/Acceleration Consortium Research - AC Research Docs/SDL6 - HOM/Projects/biofacrication_perspective/deep search analysis/Summary Table.xlsx,"doi, url, title",ok,doi,Evaluation of Microplate Handling Accuracy for Applying Robotic Arms in Laboratory Automation,4f8b7c2949d8ae4c128ab486c4bab14136c32144,10.1101/2023.12.29.573685,True,https://www.biorxiv.org/content/biorxiv/early/2024/01/02/2023.12.29.573685.full.pdf,https://www.semanticscholar.org/paper/4f8b7c2949d8ae4c128ab486c4bab14136c32144,,ok,doi,Evaluation of Microplate Handling Accuracy for Applying Robotic Arms in Laboratory Automation,10.1101/2023.12.29.573685,,http://biorxiv.org/lookup/doi/10.1101/2023.12.29.573685,,,yes,semantic_scholar
Extrusion-Based Bioprinting in a Cost-Effective Bioprinter,,https://www.mdpi.com/2075-1702/12/8/518,2024,Bioprinting,,Extrusion,,Open-source bioprinter (full system),Machines (MDPI),Maybe (open-source but not bioprinting-specific),MDPI landing,,,Cost-effective bioprinter design (verify open-source release of files).,Potential additional low-cost design reference; needs verification for open files.,,Yes,,No,Partially (approach is open-source but no Github repository or design files),0,,,,,,,,,,,,,bioprinting,bioprinting:31,/Users/iyakavets/Library/CloudStorage/OneDrive-SharedLibraries-UniversityofToronto/Acceleration Consortium Research - AC Research Docs/SDL6 - HOM/Projects/biofacrication_perspective/deep search analysis/Open-Source Bioprinting Tools.xlsx,url,ok,doi,Extrusion-Based Bioprinting in a Cost-Effective Bioprinter,ef41289127409703b7494ddd88970f3cdef9cc05,10.3390/machines12080518,True,https://www.mdpi.com/2075-1702/12/8/518/pdf?version=1722331777,https://www.semanticscholar.org/paper/ef41289127409703b7494ddd88970f3cdef9cc05,,ok,title,Extrusion-Based Bioprinting in a Cost-Effective Bioprinter,10.3390/machines12080518,,https://www.mdpi.com/2075-1702/12/8/518,https://creativecommons.org/licenses/by/4.0/,,yes,semantic_scholar
Fabrication and validation of an affordable DIY coaxial 3D extrusion bioprinter,10.1038/s41598-025-06478-9,https://www.nature.com/articles/s41598-025-06478-9,2025,Liquid Handling | Bioprinting,,Extrusion,,Open-source bioprinter (full system),Scientific Reports,Maybe (open-source but not bioprinting-specific),Nature landing,,,DIY coaxial extrusion bioprinter design (verify repository links in paper).,"Coaxial extrusion expands tool capability (e.g., core–shell) with DIY accessibility.",,Yes,,Yes,Yes,1,,,,,,,,,,,,,bioprinting | old_table | summary,bioprinting:11 | old_table:44 | summary:44,/Users/iyakavets/Library/CloudStorage/OneDrive-SharedLibraries-UniversityofToronto/Acceleration Consortium Research - AC Research Docs/SDL6 - HOM/Projects/biofacrication_perspective/deep search analysis/Open-Source Bioprinting Tools.xlsx | /Users/iyakavets/Library/CloudStorage/OneDrive-SharedLibraries-UniversityofToronto/Acceleration Consortium Research - AC Research Docs/SDL6 - HOM/Projects/biofacrication_perspective/deep search analysis/Old table.xlsx | /Users/iyakavets/Library/CloudStorage/OneDrive-SharedLibraries-UniversityofToronto/Acceleration Consortium Research - AC Research Docs/SDL6 - HOM/Projects/biofacrication_perspective/deep search analysis/Summary Table.xlsx,"doi, url, title",ok,doi,Fabrication and validation of an affordable DIY coaxial 3D extrusion bioprinter,c9c4cf1dd556337e6f601b5e6571511aecabacf8,10.1038/s41598-025-06478-9,False,,https://www.semanticscholar.org/paper/c9c4cf1dd556337e6f601b5e6571511aecabacf8,,ok,doi,Fabrication and validation of an affordable DIY coaxial 3D extrusion bioprinter,10.1038/s41598-025-06478-9,https://www.nature.com/articles/s41598-025-06478-9.pdf,https://www.nature.com/articles/s41598-025-06478-9,https://creativecommons.org/licenses/by-nc-nd/4.0 | https://creativecommons.org/licenses/by-nc-nd/4.0,,yes,crossref
FINDUS: An Open-Source 3D Printable Liquid-Handling Workstation for Laboratory Automation in Life Sciences,10.1177/2472630319877374,https://colab.ws/articles/10.1177/2472630319877374,2020,Liquid Handling,,"Automation, Liquid dispensing",,Open-source liquid handler (full robot),SLAS Technology,Included (open-source liquid handling hardware),CoLab/SAGE entry + DOI; FINDUS GitHub,,https://github.com/FBarthels/FINDUS,3D printable liquid-handling workstation (FINDUS) including hardware design files (GitHub).,Strong open-source workstation reference with reported pipetting error metrics; useful comparator to OTTO/digital pipette.,,yes,yes,maybe,yes,0,,,,,,,,,,,,,liquid_handling | old_table | summary,liquid_handling:20 | old_table:29 | summary:31,/Users/iyakavets/Library/CloudStorage/OneDrive-SharedLibraries-UniversityofToronto/Acceleration Consortium Research - AC Research Docs/SDL6 - HOM/Projects/biofacrication_perspective/deep search analysis/Open-Source Liquid Handling Hardware.xlsx | /Users/iyakavets/Library/CloudStorage/OneDrive-SharedLibraries-UniversityofToronto/Acceleration Consortium Research - AC Research Docs/SDL6 - HOM/Projects/biofacrication_perspective/deep search analysis/Old table.xlsx | /Users/iyakavets/Library/CloudStorage/OneDrive-SharedLibraries-UniversityofToronto/Acceleration Consortium Research - AC Research Docs/SDL6 - HOM/Projects/biofacrication_perspective/deep search analysis/Summary Table.xlsx,"doi, url, title",ok,doi,FINDUS: An Open-Source 3D Printable Liquid-Handling Workstation for Laboratory Automation in Life Sciences,c65c65e8a9bc3c6ffc4eae4e01f2353dcbc2e883,10.1177/2472630319877374,True,http://slas-technology.org/article/S2472630322010251/pdf,https://www.semanticscholar.org/paper/c65c65e8a9bc3c6ffc4eae4e01f2353dcbc2e883,,ok,doi,FINDUS: An Open-Source 3D Printable Liquid-Handling Workstation for Laboratory Automation in Life Sciences,10.1177/2472630319877374,http://journals.sagepub.com/doi/pdf/10.1177/2472630319877374,https://linkinghub.elsevier.com/retrieve/pii/S2472630322010251,https://www.elsevier.com/tdm/userlicense/1.0/ | https://www.elsevier.com/legal/tdmrep-license | http://creativecommons.org/licenses/by-nc-nd/4.0/,,yes,semantic_scholar | crossref
"Homebrew photolithography for the rapid and low-cost,“Do It Yourself” prototyping of microfluidic devices",10.1021/acsomega.3c05544,https://pubs.acs.org/doi/10.1021/acsomega.3c05544,,Microfabrication,,,,,,,,,,,,,,,,,,,,,,,,,,,,,,old_table | summary,old_table:21 | summary:23,/Users/iyakavets/Library/CloudStorage/OneDrive-SharedLibraries-UniversityofToronto/Acceleration Consortium Research - AC Research Docs/SDL6 - HOM/Projects/biofacrication_perspective/deep search analysis/Old table.xlsx | /Users/iyakavets/Library/CloudStorage/OneDrive-SharedLibraries-UniversityofToronto/Acceleration Consortium Research - AC Research Docs/SDL6 - HOM/Projects/biofacrication_perspective/deep search analysis/Summary Table.xlsx,"doi, url",ok,doi,"Homebrew Photolithography for the Rapid and Low-Cost, “Do It Yourself” Prototyping of Microfluidic Devices",40b6bf6a8e51b5f495747354eefdc972d8668961,10.1021/acsomega.3c05544,True,https://doi.org/10.1021/acsomega.3c05544,https://www.semanticscholar.org/paper/40b6bf6a8e51b5f495747354eefdc972d8668961,,ok,doi,"Homebrew Photolithography for the Rapid and Low-Cost, “Do It Yourself” Prototyping of Microfluidic Devices",10.1021/acsomega.3c05544,https://pubs.acs.org/doi/pdf/10.1021/acsomega.3c05544,https://pubs.acs.org/doi/10.1021/acsomega.3c05544,https://creativecommons.org/licenses/by/4.0/,,yes,semantic_scholar | crossref
Large volume syringe pump extruder for desktop 3D printers,,https://pmc.ncbi.nlm.nih.gov/articles/PMC6258044/,2018,Bioprinting,,"Extrusion, FRESH",,Open-source extruder/printhead,(see PMC),Included (new open-source bioprinting tool),PMC full text,,,Open-source large-volume syringe pump extruder compatible with low-cost open-source printers.,Enables higher-volume extrusion/embedded printing with low-cost hardware; bridges DIY + FRESH.,,Yes,,Yes,Yes,1,,,,,,,,,,,,,bioprinting,bioprinting:7,/Users/iyakavets/Library/CloudStorage/OneDrive-SharedLibraries-UniversityofToronto/Acceleration Consortium Research - AC Research Docs/SDL6 - HOM/Projects/biofacrication_perspective/deep search analysis/Open-Source Bioprinting Tools.xlsx,url,ok,doi,Large volume syringe pump extruder for desktop 3D printers,3e9cf928906fbf426c1a13385f20b8021d798227,10.1016/j.ohx.2018.02.001,True,https://doi.org/10.1016/j.ohx.2018.02.001,https://www.semanticscholar.org/paper/3e9cf928906fbf426c1a13385f20b8021d798227,,ok,title,Large volume syringe pump extruder for desktop 3D printers,10.1016/j.ohx.2018.02.001,,https://linkinghub.elsevier.com/retrieve/pii/S2468067217300822,https://www.elsevier.com/tdm/userlicense/1.0/ | https://www.elsevier.com/legal/tdmrep-license | http://creativecommons.org/licenses/by/4.0/,,yes,semantic_scholar
Leveraging flexible pipette-based tool changes to transform liquid handling systems into dual-function sample preparation and imaging platforms,10.1016/j.ohx.2025.e00653,https://pmc.ncbi.nlm.nih.gov/articles/PMC12181777/,2025,Liquid Handling,,"Automated pipetting, Imaging integration, Tool changing",,Protocol/paper,HardwareX,Maybe (needs verification),PMC full text + DOI,,,(Verify) hardware/workflow enabling pipette tool changes; may include open design files.,Recent (2025) HardwareX paper; highly relevant to modular tool concepts like the digital pipette.,,no,maybe,no,yes,0,,,,,,,,,,,,,liquid_handling | old_table | summary,liquid_handling:18 | old_table:32 | summary:34,/Users/iyakavets/Library/CloudStorage/OneDrive-SharedLibraries-UniversityofToronto/Acceleration Consortium Research - AC Research Docs/SDL6 - HOM/Projects/biofacrication_perspective/deep search analysis/Open-Source Liquid Handling Hardware.xlsx | /Users/iyakavets/Library/CloudStorage/OneDrive-SharedLibraries-UniversityofToronto/Acceleration Consortium Research - AC Research Docs/SDL6 - HOM/Projects/biofacrication_perspective/deep search analysis/Old table.xlsx | /Users/iyakavets/Library/CloudStorage/OneDrive-SharedLibraries-UniversityofToronto/Acceleration Consortium Research - AC Research Docs/SDL6 - HOM/Projects/biofacrication_perspective/deep search analysis/Summary Table.xlsx,"doi, url, title",ok,doi,Leveraging flexible pipette-based tool changes to transform liquid handling systems into dual-function sample preparation and imaging platforms,67fd2210a34553acfe36f1dfca7999b226b37fa8,10.1016/j.ohx.2025.e00653,True,https://doi.org/10.1016/j.ohx.2025.e00653,https://www.semanticscholar.org/paper/67fd2210a34553acfe36f1dfca7999b226b37fa8,,ok,doi,Leveraging flexible pipette-based tool changes to transform liquid handling systems into dual-function sample preparation and imaging platforms,10.1016/j.ohx.2025.e00653,,https://linkinghub.elsevier.com/retrieve/pii/S2468067225000318,https://www.elsevier.com/tdm/userlicense/1.0/ | https://www.elsevier.com/legal/tdmrep-license | http://creativecommons.org/licenses/by/4.0/,,yes,semantic_scholar
Low-cost near-field electrospinning (NFES) system,,https://www.sciencedirect.com/science/article/pii/S2468067225000690,,Microfabrication/Electrospinning (biofabrication),,,Low-cost near-field electrospinning (NFES) system,,,,,,,,,1200,,,,,,,,Lower throughput/single-setup; reproducibility and fiber consistency still depend on careful calibration,Open-source NFES system with GUI for programmable nanofiber patterning,Not reported,Moderate,3D printing; Arduino/electronics; basic GUI software use (no electrospinning-physics expertise required to operate),Fiber diameters in the ~6-25 um range reported for related NFES setups (exact resolution not specified in this paper's available excerpt),Single-collector setup (modular extrusion hardware can be added),Polymer solutions (demonstrated with polyethylene oxide); modular design allows new extrusion hardware,Design files on OSF website,"User-friendly GUI removes need to understand electrospinning physics; reproducible, programmable fiber patterning (a common limitation of custom-built NFES rigs)",summary,summary:7,/Users/iyakavets/Library/CloudStorage/OneDrive-SharedLibraries-UniversityofToronto/Acceleration Consortium Research - AC Research Docs/SDL6 - HOM/Projects/biofacrication_perspective/deep search analysis/Summary Table.xlsx,url,ok,doi,Near-Field Electrospinning,99f4565cdb4124d1ce34420f5b5afee36e4bd2a2,10.1016/b978-0-323-51270-1.00009-1,False,,https://www.semanticscholar.org/paper/99f4565cdb4124d1ce34420f5b5afee36e4bd2a2,,ok,title,Near-Field Electrospinning,10.1016/b978-0-323-51270-1.00009-1,,https://linkinghub.elsevier.com/retrieve/pii/B9780323512701000091,https://www.elsevier.com/tdm/userlicense/1.0/,,no,
"Low-Cost, Modular Modification to a Desktop 3D Printer for General Purpose Gel/Paste Extrusion & Direct Ink Writing",10.1101/2021.03.10.434735,https://www.biorxiv.org/content/10.1101/2021.03.10.434735v1.full,2021,Bioprinting,,"Direct ink writing, Extrusion",,Preprint,bioRxiv,Maybe (open-source but not bioprinting-specific),bioRxiv full text,,,Modular paste/gel extruder modification for desktop printers (DIW).,Building-block open hardware frequently used for hydrogel/biomaterial extrusion.,,Yes,,Yes,Yes,1,,,,,,,,,,,,,bioprinting,bioprinting:10,/Users/iyakavets/Library/CloudStorage/OneDrive-SharedLibraries-UniversityofToronto/Acceleration Consortium Research - AC Research Docs/SDL6 - HOM/Projects/biofacrication_perspective/deep search analysis/Open-Source Bioprinting Tools.xlsx,"doi, url",ok,doi,"Low-Cost, Modular Modification to a Desktop 3D Printer for General Purpose Gel/Paste Extrusion & Direct Ink Writing",850e4c49b507a848bc04ca782d180020bf206f72,10.1101/2021.03.10.434735,True,https://doi.org/10.1101/2021.03.10.434735,https://www.semanticscholar.org/paper/850e4c49b507a848bc04ca782d180020bf206f72,,ok,doi,"Low-Cost, Modular Modification to a Desktop 3D Printer for General Purpose Gel/Paste Extrusion &amp; Direct Ink Writing",10.1101/2021.03.10.434735,,http://biorxiv.org/lookup/doi/10.1101/2021.03.10.434735,http://creativecommons.org/licenses/by/4.0/,,yes,semantic_scholar
"Low-cost, versatile, and highly reproducible microfabrication pipeline to generate 3D-printed customised cell culture devices with complex designs",,"Low-cost, versatile, and highly reproducible microfabrication pipeline to generate 3D-printed customised cell culture devices with complex designs | PLOS Biology",,Microfabrication,,,,,,,,,,,,,,,,,,,,,,,,,,,,,,old_table | summary,old_table:18 | summary:20,/Users/iyakavets/Library/CloudStorage/OneDrive-SharedLibraries-UniversityofToronto/Acceleration Consortium Research - AC Research Docs/SDL6 - HOM/Projects/biofacrication_perspective/deep search analysis/Old table.xlsx | /Users/iyakavets/Library/CloudStorage/OneDrive-SharedLibraries-UniversityofToronto/Acceleration Consortium Research - AC Research Docs/SDL6 - HOM/Projects/biofacrication_perspective/deep search analysis/Summary Table.xlsx,url,ok,doi,"Low-cost, versatile, and highly reproducible microfabrication pipeline to generate 3D-printed customised cell culture devices with complex designs",b367979fa82d5c150eab6ed9ac76a5063d328488,10.1371/journal.pbio.3002503,True,https://journals.plos.org/plosbiology/article/file?id=10.1371/journal.pbio.3002503&type=printable,https://www.semanticscholar.org/paper/b367979fa82d5c150eab6ed9ac76a5063d328488,,ok,title,"Low-cost, versatile, and highly reproducible microfabrication pipeline to generate 3D-printed customised cell culture devices with complex designs",10.1371/journal.pbio.3002503,,https://dx.plos.org/10.1371/journal.pbio.3002503,http://creativecommons.org/licenses/by/4.0/,,yes,semantic_scholar
Mask-free laser lithography for rapid and low-cost microfluidic device fabrication,10.1021/acs.analchem.8b03169,https://pubs.acs.org/doi/10.1021/acs.analchem.8b03169,,Microfluidics,,,,,,,,,,,,,,,,,,,,,,,,,,,,,,old_table | summary,old_table:19 | summary:21,/Users/iyakavets/Library/CloudStorage/OneDrive-SharedLibraries-UniversityofToronto/Acceleration Consortium Research - AC Research Docs/SDL6 - HOM/Projects/biofacrication_perspective/deep search analysis/Old table.xlsx | /Users/iyakavets/Library/CloudStorage/OneDrive-SharedLibraries-UniversityofToronto/Acceleration Consortium Research - AC Research Docs/SDL6 - HOM/Projects/biofacrication_perspective/deep search analysis/Summary Table.xlsx,"doi, url",ok,doi,Mask-Free Laser Lithography for Rapid and Low-Cost Microfluidic Device Fabrication.,01bbc6d832620ba39158af2f927c29d0490f78d7,10.1021/acs.analchem.8b03169,True,https://figshare.com/articles/journal_contribution/Mask-free_laser_lithography_for_rapid_and_low-cost_microfluidic_device_fabrication/9240560/1/files/16823048.pdf,https://www.semanticscholar.org/paper/01bbc6d832620ba39158af2f927c29d0490f78d7,,ok,doi,Mask-Free Laser Lithography for Rapid and Low-Cost Microfluidic Device Fabrication,10.1021/acs.analchem.8b03169,,https://pubs.acs.org/doi/10.1021/acs.analchem.8b03169,,,yes,semantic_scholar
Microextrusion-based bioprinting printhead,,https://www.mdpi.com/2073-4360/12/10/2346,,Bioprinting,,,Microextrusion-based bioprinting printhead,,,,,,,,,<70,,,,,,,,Limited print resolution compared to specialized commercial microextrusion systems; shear stress on cells remains a consideration,Open-source printhead that converts standard desktop 3D printers into bioprinters,Not reported,Low-Moderate,3D printing; basic electronics wiring; installation on existing desktop 3D printer,Precise temperature control 2-60C; cell viability >90% at 24 h post-printing,Modular -- multiple printhead units can be combined on one carriage for multi-material printing,"Validated with gelatin, alginate, and poloxamer bioinks; broad printer compatibility (3 different desktop printers tested)",GitHub and NIH 3D Print Exchange,Very low cost; full thermal control; multi-material capable; broad compatibility with common desktop 3D printers,summary,summary:8,/Users/iyakavets/Library/CloudStorage/OneDrive-SharedLibraries-UniversityofToronto/Acceleration Consortium Research - AC Research Docs/SDL6 - HOM/Projects/biofacrication_perspective/deep search analysis/Summary Table.xlsx,url,ok,title,A Versatile Open-Source Printhead for Low-Cost 3D Microextrusion-Based Bioprinting,c0b2865e8c0f53f237ef3923cbe50d2fb088bc9c,10.3390/polym12102346,True,https://www.mdpi.com/2073-4360/12/10/2346/pdf,https://www.semanticscholar.org/paper/c0b2865e8c0f53f237ef3923cbe50d2fb088bc9c,,ok,title,A Versatile Open-source Printhead for Low-cost 3D Microextrusion-based Bioprinting,10.20944/preprints202010.0107.v1,,https://www.preprints.org/manuscript/202010.0107/v1,http://creativecommons.org/licenses/by/4.0,,yes,semantic_scholar
mSLAb–An open-source masked stereolithography (mSLA) bioprinter,,mSLAb – An open-source masked stereolithography (mSLA) bioprinter - ScienceDirect,,Bioprinting,,,,,,,,,,,,,,,,,,,,,,,,,,,,,,old_table | summary,old_table:15 | summary:17,/Users/iyakavets/Library/CloudStorage/OneDrive-SharedLibraries-UniversityofToronto/Acceleration Consortium Research - AC Research Docs/SDL6 - HOM/Projects/biofacrication_perspective/deep search analysis/Old table.xlsx | /Users/iyakavets/Library/CloudStorage/OneDrive-SharedLibraries-UniversityofToronto/Acceleration Consortium Research - AC Research Docs/SDL6 - HOM/Projects/biofacrication_perspective/deep search analysis/Summary Table.xlsx,url,ok,doi,mSLAb – An open-source masked stereolithography (mSLA) bioprinter,7beca12ef87f90abede0ed568ba9111f79f15b6f,10.1016/j.ohx.2024.e00543,True,https://www.ncbi.nlm.nih.gov/pmc/articles/PMC11234000,https://www.semanticscholar.org/paper/7beca12ef87f90abede0ed568ba9111f79f15b6f,,ok,title,mSLAb – An open-source masked stereolithography (mSLA) bioprinter,10.1016/j.ohx.2024.e00543,,https://linkinghub.elsevier.com/retrieve/pii/S2468067224000373,https://www.elsevier.com/tdm/userlicense/1.0/ | https://www.elsevier.com/legal/tdmrep-license | http://creativecommons.org/licenses/by/4.0/,,yes,semantic_scholar
Nydus One Syringe Extruder (NOSE): A Prusa i3 3D printer modification for laboratory automation and syringe-based extrusion,10.1016/j.ohx.2019.e00069,https://www.hardware-x.com/article/S2468-0672(18)30087-7/fulltext,2019,Liquid Handling | Bioprinting,,Extrusion,,Open-source extruder/printhead,HardwareX,Maybe (open-source but not bioprinting-specific),HardwareX landing,,,Syringe-extrusion modification for Prusa i3 enabling syringe-based extrusion for lab use.,Often referenced for syringe-based extrusion designs; adjacent to extrusion bioprinting toolchains.,,Yes,,Yes,Yes,1,,,,,,,,,,,,,bioprinting | old_table | summary,bioprinting:6 | old_table:43 | summary:43,/Users/iyakavets/Library/CloudStorage/OneDrive-SharedLibraries-UniversityofToronto/Acceleration Consortium Research - AC Research Docs/SDL6 - HOM/Projects/biofacrication_perspective/deep search analysis/Open-Source Bioprinting Tools.xlsx | /Users/iyakavets/Library/CloudStorage/OneDrive-SharedLibraries-UniversityofToronto/Acceleration Consortium Research - AC Research Docs/SDL6 - HOM/Projects/biofacrication_perspective/deep search analysis/Old table.xlsx | /Users/iyakavets/Library/CloudStorage/OneDrive-SharedLibraries-UniversityofToronto/Acceleration Consortium Research - AC Research Docs/SDL6 - HOM/Projects/biofacrication_perspective/deep search analysis/Summary Table.xlsx,"doi, url, title",ok,doi,Nydus One Syringe Extruder (NOSE): A Prusa i3 3D printer conversion for bioprinting applications utilizing the FRESH-method,031085a20602b7910a6458d4d2ee96f45cc59edc,10.1016/J.OHX.2019.E00069,True,http://www.hardware-x.com/article/S2468067218300877/pdf,https://www.semanticscholar.org/paper/031085a20602b7910a6458d4d2ee96f45cc59edc,,ok,doi,Nydus One Syringe Extruder (NOSE): A Prusa i3 3D printer conversion for bioprinting applications utilizing the FRESH-method,10.1016/j.ohx.2019.e00069,,https://linkinghub.elsevier.com/retrieve/pii/S2468067218300877,https://www.elsevier.com/tdm/userlicense/1.0/ | https://www.elsevier.com/legal/tdmrep-license | http://creativecommons.org/licenses/by-nc-nd/4.0/,,yes,semantic_scholar
Open-source cell culture automation system with integrated cell counting for passaging microplate cultures,10.1101/2024.12.27.629034,https://doi.org/10.1101/2024.12.27.629034,2025,Liquid Handling,,"Automated pipetting, Imaging integration, Microscopy integration, Workflow automation",,Preprint,bioRxiv,Included (open-source liquid handling hardware),,,,,,,no (requires Opentrons OP-2 robot),no,yes,yes,0,,,,,,,,,,,,,liquid_handling | old_table | summary,liquid_handling:24 | old_table:31 | summary:33,/Users/iyakavets/Library/CloudStorage/OneDrive-SharedLibraries-UniversityofToronto/Acceleration Consortium Research - AC Research Docs/SDL6 - HOM/Projects/biofacrication_perspective/deep search analysis/Open-Source Liquid Handling Hardware.xlsx | /Users/iyakavets/Library/CloudStorage/OneDrive-SharedLibraries-UniversityofToronto/Acceleration Consortium Research - AC Research Docs/SDL6 - HOM/Projects/biofacrication_perspective/deep search analysis/Old table.xlsx | /Users/iyakavets/Library/CloudStorage/OneDrive-SharedLibraries-UniversityofToronto/Acceleration Consortium Research - AC Research Docs/SDL6 - HOM/Projects/biofacrication_perspective/deep search analysis/Summary Table.xlsx,"doi, url, title",ok,title,Open-source cell culture automation system with integrated cell counting for passaging microplate cultures,9b4c92956d152a7f67492a2a10c933fc9ceae633,10.1093/pnasnexus/pgaf385,False,,https://www.semanticscholar.org/paper/9b4c92956d152a7f67492a2a10c933fc9ceae633,,ok,doi,Open-source cell culture automation system with integrated cell counting for passaging microplate cultures,10.1101/2024.12.27.629034,,http://biorxiv.org/lookup/doi/10.1101/2024.12.27.629034,http://creativecommons.org/licenses/by-nc-nd/4.0/,,no,
Open-source hybrid 3D-bioprinter for simultaneous printing of thermoplastics and hydrogels,10.1016/j.ohx.2021.e00230,https://www.sciencedirect.com/science/article/pii/S2468067221000596,2021,Bioprinting,,Extrusion,,Open-source bioprinter (full system),HardwareX,Included (new open-source bioprinting tool),ScienceDirect landing; Mendeley Data repository,,https://doi.org/10.17632/ywb5zdjk5x.1,Hybrid printer upgrade enabling simultaneous thermoplastic + hydrogel (bioprinting) printing.,Open-hardware path to hybrid scaffolds (structural polymer + hydrogel/cell-laden inks).,,Yes,,Yes,Yes,0,,,,,,,,,,,,,bioprinting,bioprinting:29,/Users/iyakavets/Library/CloudStorage/OneDrive-SharedLibraries-UniversityofToronto/Acceleration Consortium Research - AC Research Docs/SDL6 - HOM/Projects/biofacrication_perspective/deep search analysis/Open-Source Bioprinting Tools.xlsx,"doi, url",ok,doi,Open-source hybrid 3D-bioprinter for simultaneous printing of thermoplastics and hydrogels,5f3461ed44c2eabbf22dba88f36f88766ecdbca6,10.1016/j.ohx.2021.e00230,True,https://www.ncbi.nlm.nih.gov/pmc/articles/PMC9123455,https://www.semanticscholar.org/paper/5f3461ed44c2eabbf22dba88f36f88766ecdbca6,,ok,doi,Open-source hybrid 3D-bioprinter for simultaneous printing of thermoplastics and hydrogels,10.1016/j.ohx.2021.e00230,,https://linkinghub.elsevier.com/retrieve/pii/S2468067221000596,https://www.elsevier.com/tdm/userlicense/1.0/ | https://www.elsevier.com/legal/tdmrep-license | http://creativecommons.org/licenses/by-nc-nd/4.0/,,yes,semantic_scholar
Open-source personal pipetting robots with live-cell incubation and microscopy compatibility,10.1038/s41467-022-30643-7,https://www.nature.com/articles/s41467-022-30643-7,2022,Liquid Handling,,"Automated pipetting, Incubation, Microscopy integration",Personal Pipetting Robot | Personal Pipetting Robot (PHIL),Open-source liquid handler (full robot),Nature Communications,Included (open-source liquid handling hardware),Nature Comms landing; PHIL GitHub,,https://github.com/CSDGroup/PHIL,Open-source personal pipetting robot platform (PHIL) designed for live-cell workflows.,"Shows open hardware that integrates pipetting + incubation + imaging, closer to ‘robot-compatible’ liquid handling.",600-800 USD | 600-800,yes,yes,yes,yes,1,"open-source hardwarea and software, 3D printable and assembled with off-the-shelf components, compact and modular design meant for sitting directly on microscope stages thus enabling automated interventions during live-cell imaging, designed for standard two-finger robot grippers and common robotic arms, supports multi-pipetting,","claims that no robot can operate on microscope stages. to replace manual pipetting during live-cell microscopy (labor-intensive especially for long time-lapse experiments, disruptive to culture conditions)",Designed for small-volume/well-plate work -- not built for large-batch or high-volume liquid handling,Compact liquid handling robot for automated pipetting/aspiration during live-cell incubation and microscopy,Not reported (3D-printed + off-the-shelf assembly),Moderate,3D printing; electronics assembly; basic scripting (no programming experience required for operation),"~0.1 mm pipette positioning accuracy above well bottom (96-well plate, validated via fluorescence imaging)",Single to multi-pipet (modular; multiple units can be chained together); operates within standard 96-well plates,Compatible with live cells/media; supports immunostaining and stimulation reagents during time-lapse imaging,"GitHub and authors' website, instructions in paper | GitHub and authors' website; instructions in paper",Small enough to sit on microscope stages; enables automation during live-cell imaging without disrupting culture conditions; no programming skills required,liquid_handling | old_table | summary,liquid_handling:4 | old_table:3 | summary:3,/Users/iyakavets/Library/CloudStorage/OneDrive-SharedLibraries-UniversityofToronto/Acceleration Consortium Research - AC Research Docs/SDL6 - HOM/Projects/biofacrication_perspective/deep search analysis/Open-Source Liquid Handling Hardware.xlsx | /Users/iyakavets/Library/CloudStorage/OneDrive-SharedLibraries-UniversityofToronto/Acceleration Consortium Research - AC Research Docs/SDL6 - HOM/Projects/biofacrication_perspective/deep search analysis/Old table.xlsx | /Users/iyakavets/Library/CloudStorage/OneDrive-SharedLibraries-UniversityofToronto/Acceleration Consortium Research - AC Research Docs/SDL6 - HOM/Projects/biofacrication_perspective/deep search analysis/Summary Table.xlsx,"doi, url, title",ok,doi,Open-source personal pipetting robots with live-cell incubation and microscopy compatibility,fe5c76eb848861192edcaa780205d5f7832837a8,10.1038/s41467-022-30643-7,True,https://www.nature.com/articles/s41467-022-30643-7.pdf,https://www.semanticscholar.org/paper/fe5c76eb848861192edcaa780205d5f7832837a8,,ok,doi,Open-source personal pipetting robots with live-cell incubation and microscopy compatibility,10.1038/s41467-022-30643-7,https://www.nature.com/articles/s41467-022-30643-7.pdf,https://www.nature.com/articles/s41467-022-30643-7,https://creativecommons.org/licenses/by/4.0 | https://creativecommons.org/licenses/by/4.0,,yes,semantic_scholar | crossref
Open-source spring-driven syringe pump with 3D-printed components for microfluidic applications,10.1016/j.ohx.2024.e00550,https://pmc.ncbi.nlm.nih.gov/articles/PMC11299592/,2024,Liquid Handling,,Syringe pumping,,Open-source pump (syringe/peristaltic),HardwareX,Included (open-source liquid handling hardware),PMC full text + DOI,,,Spring-driven syringe pump design with 3D-printed components (design files typically included in HardwareX; verify).,A 2024 open-hardware pump design; useful building block for low-cost liquid handling and microfluidics.,,yes,yes,yes,yes,1,,,,,,,,,,,,,liquid_handling | old_table | summary,liquid_handling:6 | old_table:23 | summary:25,/Users/iyakavets/Library/CloudStorage/OneDrive-SharedLibraries-UniversityofToronto/Acceleration Consortium Research - AC Research Docs/SDL6 - HOM/Projects/biofacrication_perspective/deep search analysis/Open-Source Liquid Handling Hardware.xlsx | /Users/iyakavets/Library/CloudStorage/OneDrive-SharedLibraries-UniversityofToronto/Acceleration Consortium Research - AC Research Docs/SDL6 - HOM/Projects/biofacrication_perspective/deep search analysis/Old table.xlsx | /Users/iyakavets/Library/CloudStorage/OneDrive-SharedLibraries-UniversityofToronto/Acceleration Consortium Research - AC Research Docs/SDL6 - HOM/Projects/biofacrication_perspective/deep search analysis/Summary Table.xlsx,"doi, url, title",ok,doi,Open-source spring-driven syringe pump with 3D-printed components for microfluidic applications,13c639df2dc0528c1a25d4290620e7e68e5a3c61,10.1016/j.ohx.2024.e00550,True,https://doi.org/10.1016/j.ohx.2024.e00550,https://www.semanticscholar.org/paper/13c639df2dc0528c1a25d4290620e7e68e5a3c61,,ok,doi,Open-source spring-driven syringe pump with 3D-printed components for microfluidic applications,10.1016/j.ohx.2024.e00550,,https://linkinghub.elsevier.com/retrieve/pii/S2468067224000440,https://www.elsevier.com/tdm/userlicense/1.0/ | https://www.elsevier.com/legal/tdmrep-license | http://creativecommons.org/licenses/by/4.0/,,yes,semantic_scholar
Open-Source Syringe Pump Library,10.1371/journal.pone.0107216,https://journals.plos.org/plosone/article/file?id=10.1371/journal.pone.0107216&type=printable,2014,Liquid Handling | Bioprinting,,Syringe pumping,,Open-source workflow/analysis | Open-source pump (syringe/peristaltic),PLOS ONE,Maybe (open-source but not bioprinting-specific) | Included (open-source liquid handling hardware),PLOS ONE printable PDF | PLOS ONE article + DOI,,,Open-source syringe pump designs/library for lab use. | Library of open-source syringe pump designs.,"Not bioprinting-specific, but open syringe-pump hardware is a common building block for extrusion bioprinting. | Foundational open-hardware syringe pump reference frequently reused in lab automation builds.",,Yes | yes,yes,Yes | yes,Yes | yes,1,,,,,,,,,,,,,bioprinting | liquid_handling | old_table | summary,bioprinting:8 | liquid_handling:8 | old_table:24 | summary:26,/Users/iyakavets/Library/CloudStorage/OneDrive-SharedLibraries-UniversityofToronto/Acceleration Consortium Research - AC Research Docs/SDL6 - HOM/Projects/biofacrication_perspective/deep search analysis/Open-Source Bioprinting Tools.xlsx | /Users/iyakavets/Library/CloudStorage/OneDrive-SharedLibraries-UniversityofToronto/Acceleration Consortium Research - AC Research Docs/SDL6 - HOM/Projects/biofacrication_perspective/deep search analysis/Open-Source Liquid Handling Hardware.xlsx | /Users/iyakavets/Library/CloudStorage/OneDrive-SharedLibraries-UniversityofToronto/Acceleration Consortium Research - AC Research Docs/SDL6 - HOM/Projects/biofacrication_perspective/deep search analysis/Old table.xlsx | /Users/iyakavets/Library/CloudStorage/OneDrive-SharedLibraries-UniversityofToronto/Acceleration Consortium Research - AC Research Docs/SDL6 - HOM/Projects/biofacrication_perspective/deep search analysis/Summary Table.xlsx,"doi, url, title",ok,doi,Open-Source Syringe Pump Library,488a94a9754e718a5f8475742bfb50f5365f66dd,10.1371/journal.pone.0107216,True,https://journals.plos.org/plosone/article/file?id=10.1371/journal.pone.0107216&type=printable,https://www.semanticscholar.org/paper/488a94a9754e718a5f8475742bfb50f5365f66dd,,ok,doi,Open-Source Syringe Pump Library,10.1371/journal.pone.0107216,,https://dx.plos.org/10.1371/journal.pone.0107216,http://creativecommons.org/licenses/by/4.0/,,yes,semantic_scholar
"Open-source, 3D-printed Peristaltic Pumps for Small Volume Point-of-Care Liquid Handling",10.1038/s41598-020-58246-6,https://pmc.ncbi.nlm.nih.gov/articles/PMC6994627/,2020,Liquid Handling | Bioprinting,,Peristaltic pumping,,Open-source workflow/analysis | Open-source pump (syringe/peristaltic),Scientific Reports,Maybe (open-source but not bioprinting-specific) | Included (open-source liquid handling hardware),PMC full text + DOI,,,Open-source peristaltic pump hardware + controller for small-volume fluid handling. | Low-cost open-source peristaltic pump built from 3D-printed parts + common hardware.,Enabling open liquid-handling hardware that can integrate with extrusion/bioprinting workflows. | Practical open pump design for point-of-care and microfluidic liquid handling.,,yes,yes,yes,yes,1,,,,,,,,,,,,,bioprinting | liquid_handling | old_table | summary,bioprinting:22 | liquid_handling:9 | old_table:26 | summary:28,/Users/iyakavets/Library/CloudStorage/OneDrive-SharedLibraries-UniversityofToronto/Acceleration Consortium Research - AC Research Docs/SDL6 - HOM/Projects/biofacrication_perspective/deep search analysis/Open-Source Bioprinting Tools.xlsx | /Users/iyakavets/Library/CloudStorage/OneDrive-SharedLibraries-UniversityofToronto/Acceleration Consortium Research - AC Research Docs/SDL6 - HOM/Projects/biofacrication_perspective/deep search analysis/Open-Source Liquid Handling Hardware.xlsx | /Users/iyakavets/Library/CloudStorage/OneDrive-SharedLibraries-UniversityofToronto/Acceleration Consortium Research - AC Research Docs/SDL6 - HOM/Projects/biofacrication_perspective/deep search analysis/Old table.xlsx | /Users/iyakavets/Library/CloudStorage/OneDrive-SharedLibraries-UniversityofToronto/Acceleration Consortium Research - AC Research Docs/SDL6 - HOM/Projects/biofacrication_perspective/deep search analysis/Summary Table.xlsx,"doi, url, title",ok,doi,"Open-source, 3D-printed Peristaltic Pumps for Small Volume Point-of-Care Liquid Handling",45371fbbeb35f9a5536c22a22baf8ba7e9d8d8f2,10.1038/s41598-020-58246-6,True,https://www.nature.com/articles/s41598-020-58246-6.pdf,https://www.semanticscholar.org/paper/45371fbbeb35f9a5536c22a22baf8ba7e9d8d8f2,,ok,doi,"Open-source, 3D-printed Peristaltic Pumps for Small Volume Point-of-Care Liquid Handling",10.1038/s41598-020-58246-6,https://www.nature.com/articles/s41598-020-58246-6.pdf,https://www.nature.com/articles/s41598-020-58246-6,https://creativecommons.org/licenses/by/4.0 | https://creativecommons.org/licenses/by/4.0,,yes,semantic_scholar | crossref
"Open-source, community-driven microfluidics with Metafluidics",,"Open-source, community-driven microfluidics with Metafluidics | Nature Biotechnology",,Microfluidics,,,,,,,,,,,,,,,,,,,,,,,,,,,,,,old_table | summary,old_table:17 | summary:19,/Users/iyakavets/Library/CloudStorage/OneDrive-SharedLibraries-UniversityofToronto/Acceleration Consortium Research - AC Research Docs/SDL6 - HOM/Projects/biofacrication_perspective/deep search analysis/Old table.xlsx | /Users/iyakavets/Library/CloudStorage/OneDrive-SharedLibraries-UniversityofToronto/Acceleration Consortium Research - AC Research Docs/SDL6 - HOM/Projects/biofacrication_perspective/deep search analysis/Summary Table.xlsx,url,ok,doi,"Open-source, community-driven microfluidics with Metafluidics",33b2e03b7a0b3c63bf17a5abc99352ad13952ed7,10.1038/nbt.3873,True,https://www.nature.com/articles/nbt.3873.pdf,https://www.semanticscholar.org/paper/33b2e03b7a0b3c63bf17a5abc99352ad13952ed7,,ok,title,"Open-source, community-driven microfluidics with Metafluidics",10.1038/nbt.3873,http://www.nature.com/articles/nbt.3873.pdf,https://www.nature.com/articles/nbt.3873,https://creativecommons.org/licenses/by/4.0 | https://creativecommons.org/licenses/by/4.0,,yes,semantic_scholar | crossref
OpenLH: Open Liquid-Handling System for Creative Experimentation with Biology,10.1145/3294109.3295619,https://www.runi.ac.il/media/pp5bftyk/openlh.pdf,2019 | 2018,Liquid Handling,,"Automation, Control software, Pipetting/dispensing | Liquid handling",OpenLH,Open-source liquid handler (full robot),CHI EA (ACM) | (PDF / conference-style),Maybe (needs verification),OpenLH PDF,,,Open liquid-handling system for experimentation (verify what design assets are available).,Uses a commercial robotic arm + modified pipette + block-based programming; relevant example of robot-arm liquid handling. | Early ‘open liquid handling’ system description; may provide useful design patterns + references.,,yes,yes | maybe,yes,yes,1 | 0,,,,,,,,,,,,,liquid_handling | old_table | summary,liquid_handling:12 | liquid_handling:15 | old_table:40 | summary:40,/Users/iyakavets/Library/CloudStorage/OneDrive-SharedLibraries-UniversityofToronto/Acceleration Consortium Research - AC Research Docs/SDL6 - HOM/Projects/biofacrication_perspective/deep search analysis/Open-Source Liquid Handling Hardware.xlsx | /Users/iyakavets/Library/CloudStorage/OneDrive-SharedLibraries-UniversityofToronto/Acceleration Consortium Research - AC Research Docs/SDL6 - HOM/Projects/biofacrication_perspective/deep search analysis/Old table.xlsx | /Users/iyakavets/Library/CloudStorage/OneDrive-SharedLibraries-UniversityofToronto/Acceleration Consortium Research - AC Research Docs/SDL6 - HOM/Projects/biofacrication_perspective/deep search analysis/Summary Table.xlsx,"doi, url, title",ok,doi,OpenLH: Open Liquid-Handling System for Creative Experimentation with Biology,aa14ca906d93dc30efbb73b040940505561353b6,10.1145/3294109.3295619,False,,https://www.semanticscholar.org/paper/aa14ca906d93dc30efbb73b040940505561353b6,,ok,doi,OpenLH,10.1145/3294109.3295619,,https://dl.acm.org/doi/10.1145/3294109.3295619,https://www.acm.org/publications/policies/copyright_policy#Background,,no,
OpenWorkstation: A modular open-source technology for automated in vitro workflows,10.1016/j.ohx.2020.e00152,https://eprints.qut.edu.au/206083/,2020,Liquid Handling,,"Liquid handling (module-based), Workflow automation",,Open-source liquid handler (full robot),HardwareX,Maybe (needs verification),QUT ePrints record; GitHub,,https://github.com/SebastianEggert/OpenWorkstation,Modular open-source workstation concept for life science automation (verify modules include liquid handling).,Useful ‘platform’ paper for building modular open lab automation setups beyond a single device.,,maybe (less than commercial but not budget-friendly),no,no,yes,0,,,,,,,,,,,,,liquid_handling | old_table | summary,liquid_handling:21 | old_table:30 | summary:32,/Users/iyakavets/Library/CloudStorage/OneDrive-SharedLibraries-UniversityofToronto/Acceleration Consortium Research - AC Research Docs/SDL6 - HOM/Projects/biofacrication_perspective/deep search analysis/Open-Source Liquid Handling Hardware.xlsx | /Users/iyakavets/Library/CloudStorage/OneDrive-SharedLibraries-UniversityofToronto/Acceleration Consortium Research - AC Research Docs/SDL6 - HOM/Projects/biofacrication_perspective/deep search analysis/Old table.xlsx | /Users/iyakavets/Library/CloudStorage/OneDrive-SharedLibraries-UniversityofToronto/Acceleration Consortium Research - AC Research Docs/SDL6 - HOM/Projects/biofacrication_perspective/deep search analysis/Summary Table.xlsx,"doi, url, title",ok,doi,OpenWorkstation: A modular open-source technology for automated in vitro workflows,741aefb925d294650ff111e50b92d3dd8ad8ebd8,10.1016/j.ohx.2020.e00152,True,https://doi.org/10.1016/j.ohx.2020.e00152,https://www.semanticscholar.org/paper/741aefb925d294650ff111e50b92d3dd8ad8ebd8,,ok,doi,OpenWorkstation: A modular open-source technology for automated in vitro workflows,10.1016/j.ohx.2020.e00152,,https://linkinghub.elsevier.com/retrieve/pii/S2468067220300614,https://www.elsevier.com/tdm/userlicense/1.0/ | https://www.elsevier.com/legal/tdmrep-license | http://creativecommons.org/licenses/by/4.0/,,yes,semantic_scholar
OT-Mation: an open-source code for parsing CSV files into Python scripts for control of OT-2 liquid-handling robotics,10.1093/synbio/ysaf009,https://doi.org/10.1093/synbio/ysaf009,2025,Liquid Handling,,"Automated pipetting, Control software, Workflow automation",,Open-source software/control,Synthetic Biology,Included (open-source liquid handling hardware),,,,,,,yes,"n/a (software, not hardware)",yes,yes,0,,,,,,,,,,,,,liquid_handling | old_table | summary,liquid_handling:23 | old_table:36 | summary:38,/Users/iyakavets/Library/CloudStorage/OneDrive-SharedLibraries-UniversityofToronto/Acceleration Consortium Research - AC Research Docs/SDL6 - HOM/Projects/biofacrication_perspective/deep search analysis/Open-Source Liquid Handling Hardware.xlsx | /Users/iyakavets/Library/CloudStorage/OneDrive-SharedLibraries-UniversityofToronto/Acceleration Consortium Research - AC Research Docs/SDL6 - HOM/Projects/biofacrication_perspective/deep search analysis/Old table.xlsx | /Users/iyakavets/Library/CloudStorage/OneDrive-SharedLibraries-UniversityofToronto/Acceleration Consortium Research - AC Research Docs/SDL6 - HOM/Projects/biofacrication_perspective/deep search analysis/Summary Table.xlsx,"doi, url, title",ok,doi,OT-Mation: an open-source code for parsing CSV files into Python scripts for control of OT-2 liquid-handling robotics,ca28e758ed535b0a87f97f11682b983a1ec52b1f,10.1093/synbio/ysaf009,False,,https://www.semanticscholar.org/paper/ca28e758ed535b0a87f97f11682b983a1ec52b1f,,ok,doi,OT-Mation: an open-source code for parsing CSV files into Python scripts for control of OT-2 liquid-handling robotics,10.1093/synbio/ysaf009,https://academic.oup.com/synbio/article-pdf/10/1/ysaf009/63136278/ysaf009.pdf,https://academic.oup.com/synbio/article/doi/10.1093/synbio/ysaf009/8127861,https://creativecommons.org/licenses/by/4.0/,,yes,crossref
Principles of computer-controlled linear motion applied to an open-source affordable liquid handler for automated micropipetting,10.1038/s41598-020-70465-5,https://www.nature.com/articles/s41598-020-70465-5,2020,liquid handling | Bioprinting | Liquid Handling,automated pipetting,Automated pipetting,OTTO,Open-source workflow/analysis | Open-source liquid handler (full robot),Scientific Reports,Maybe (open-source but not bioprinting-specific) | Included (open-source liquid handling hardware),Sci Rep PDF/landing + DOI | Sci Rep landing + OTTO site,,https://openliquidhandler.com/,Open-source affordable liquid handler (OTTO) for automated pipetting. | OTTO open-source liquid handler (mechanical/electrical/software) for automated micropipetting.,"Not a bioprinter, but relevant open automation tool for biofabrication/bioprinting workflows. | Canonical open-source liquid handling robot paper; good baseline against newer modular tools like digital pipette.",1500 USD? | 1500,yes,yes,yes,yes,1,modular design,Low‑cost automated pipetting for qPCR and general liquid handling using standard micropipettes and labware.,lower throughput due to slow error-checking system | Lower throughput due to a slower built-in error-checking system,"Open-source automated liquid handler (gantry-style) for micropipetting, e.g., qPCR sample prep",Not reported,Moderate-High,3D printing; electronics/Arduino; G-code/firmware setup; calibration,Accuracy and sample-prep time comparable to manual qPCR; fills a 96-well plate with standards/samples in 30-45 min,Multi-well (96-well plate scale),Standard micropipette tips and labware,"Fully open‑source — CAD files, part lists, firmware, and GUI available online at website | Fully open-source -- CAD files, part lists, firmware, and GUI on project website",Low-cost automated pipetting comparable to manual qPCR workflow; modular design,bioprinting | liquid_handling | old_table | summary,bioprinting:23 | liquid_handling:3 | old_table:37 | summary:10,/Users/iyakavets/Library/CloudStorage/OneDrive-SharedLibraries-UniversityofToronto/Acceleration Consortium Research - AC Research Docs/SDL6 - HOM/Projects/biofacrication_perspective/deep search analysis/Open-Source Bioprinting Tools.xlsx | /Users/iyakavets/Library/CloudStorage/OneDrive-SharedLibraries-UniversityofToronto/Acceleration Consortium Research - AC Research Docs/SDL6 - HOM/Projects/biofacrication_perspective/deep search analysis/Open-Source Liquid Handling Hardware.xlsx | /Users/iyakavets/Library/CloudStorage/OneDrive-SharedLibraries-UniversityofToronto/Acceleration Consortium Research - AC Research Docs/SDL6 - HOM/Projects/biofacrication_perspective/deep search analysis/Old table.xlsx | /Users/iyakavets/Library/CloudStorage/OneDrive-SharedLibraries-UniversityofToronto/Acceleration Consortium Research - AC Research Docs/SDL6 - HOM/Projects/biofacrication_perspective/deep search analysis/Summary Table.xlsx,"doi, url, title",ok,doi,Principles of computer-controlled linear motion applied to an open-source affordable liquid handler for automated micropipetting,f33e9ed90dc8219689390dee2655144182e2e034,10.1038/s41598-020-70465-5,True,https://www.nature.com/articles/s41598-020-70465-5.pdf,https://www.semanticscholar.org/paper/f33e9ed90dc8219689390dee2655144182e2e034,,ok,doi,Principles of computer-controlled linear motion applied to an open-source affordable liquid handler for automated micropipetting,10.1038/s41598-020-70465-5,https://www.nature.com/articles/s41598-020-70465-5.pdf,https://www.nature.com/articles/s41598-020-70465-5,https://creativecommons.org/licenses/by/4.0 | https://creativecommons.org/licenses/by/4.0,,yes,semantic_scholar | crossref
"PyLabRobot: An open-source, hardware-agnostic interface for liquid-handling robots and accessories",10.1101/2023.07.10.547733 | 10.1016/j.device.2023.100111,https://www.biorxiv.org/content/10.1101/2023.07.10.547733v1.full,2023,Liquid Handling,,"Control software | Automation, Control software",,Open-source software/control,bioRxiv | Device,Maybe (needs verification) | Included (open-source liquid handling hardware),bioRxiv full text,,,Open-source interface software for liquid-handling robots and accessories.,"Not hardware itself, but critical open control layer for heterogeneous open liquid-handling setups.",,yes,"n/a (software, not hardware)",yes,yes,0,,,,,,,,,,,,,liquid_handling | old_table | summary,liquid_handling:17 | liquid_handling:28 | old_table:35 | summary:37,/Users/iyakavets/Library/CloudStorage/OneDrive-SharedLibraries-UniversityofToronto/Acceleration Consortium Research - AC Research Docs/SDL6 - HOM/Projects/biofacrication_perspective/deep search analysis/Open-Source Liquid Handling Hardware.xlsx | /Users/iyakavets/Library/CloudStorage/OneDrive-SharedLibraries-UniversityofToronto/Acceleration Consortium Research - AC Research Docs/SDL6 - HOM/Projects/biofacrication_perspective/deep search analysis/Old table.xlsx | /Users/iyakavets/Library/CloudStorage/OneDrive-SharedLibraries-UniversityofToronto/Acceleration Consortium Research - AC Research Docs/SDL6 - HOM/Projects/biofacrication_perspective/deep search analysis/Summary Table.xlsx,"doi, url, title",error,title,,,,,,,"HTTP 429: {""message"": ""Too Many Requests. Please wait and try again or apply for a key for higher rate limits. https://www.semanticscholar.org/product/api#api-key-form"", ""code"": ""429""}",ok,doi,"PyLabRobot: An Open-Source, Hardware Agnostic Interface for Liquid-Handling Robots and Accessories",10.1101/2023.07.10.547733,,http://biorxiv.org/lookup/doi/10.1101/2023.07.10.547733,,,no,
Real-time AI-driven quality control for laboratory automation: a novel computer vision solution for the opentrons OT-2 liquid handling robot,10.1007/s10489-025-06334-3,https://doi.org/10.1007/s10489-025-06334-3,2025,Liquid Handling,,"Automated pipetting, Automation, Imaging integration",,Protocol/paper,Applied Intelligence,Included (open-source liquid handling hardware),,,,,,,no (requires Opentrons OT-2),yes,yes,yes,0,,,,,,,,,,,,,liquid_handling | old_table | summary,liquid_handling:25 | old_table:33 | summary:35,/Users/iyakavets/Library/CloudStorage/OneDrive-SharedLibraries-UniversityofToronto/Acceleration Consortium Research - AC Research Docs/SDL6 - HOM/Projects/biofacrication_perspective/deep search analysis/Open-Source Liquid Handling Hardware.xlsx | /Users/iyakavets/Library/CloudStorage/OneDrive-SharedLibraries-UniversityofToronto/Acceleration Consortium Research - AC Research Docs/SDL6 - HOM/Projects/biofacrication_perspective/deep search analysis/Old table.xlsx | /Users/iyakavets/Library/CloudStorage/OneDrive-SharedLibraries-UniversityofToronto/Acceleration Consortium Research - AC Research Docs/SDL6 - HOM/Projects/biofacrication_perspective/deep search analysis/Summary Table.xlsx,"doi, url, title",ok,doi,Real-time AI-driven quality control for laboratory automation: a novel computer vision solution for the opentrons OT-2 liquid handling robot,959da7b076777ea8a440d09c530454473594ae84,10.1007/s10489-025-06334-3,True,https://doi.org/10.1007/s10489-025-06334-3,https://www.semanticscholar.org/paper/959da7b076777ea8a440d09c530454473594ae84,,ok,doi,Real-time AI-driven quality control for laboratory automation: a novel computer vision solution for the opentrons OT-2 liquid handling robot,10.1007/s10489-025-06334-3,https://link.springer.com/content/pdf/10.1007/s10489-025-06334-3.pdf,https://link.springer.com/10.1007/s10489-025-06334-3,https://creativecommons.org/licenses/by/4.0 | https://creativecommons.org/licenses/by/4.0,,yes,semantic_scholar | crossref
Replistruder 4,,https://www.sciencedirect.com/science/article/pii/S2468067220300791,,Liquid Handling,,,Replistruder 4,,,,,,,,,141 (+ cost of host 3D printer),,,,,,,,Requires a separate host 3D printer/motion platform; overall print quality depends on rigidity of that host platform,High-performance open-source syringe extruder for extrusion/retraction control in FRESH 3D bioprinting,Not reported,Moderate,3D printing; mechanical assembly; mounting/calibration on host printer,Filaments down to 3.35 nL volume; printed channels patent down to 300 um width; printer travel accuracy <35 um (3 axes),Single-syringe (1uL-10 mL range); multiple units can be combined for multi-material printing,Wide bioink range; compatible with Hamilton gastight syringes (stainless steel/Teflon/glass) and silicone,CAD files and install guide (HardwareX),"Low cost vs. commercial extruders ($5,000-120,000); enables retraction (precision control unavailable in pneumatic systems); adaptable to many desktop 3D printers",summary,summary:4,/Users/iyakavets/Library/CloudStorage/OneDrive-SharedLibraries-UniversityofToronto/Acceleration Consortium Research - AC Research Docs/SDL6 - HOM/Projects/biofacrication_perspective/deep search analysis/Summary Table.xlsx,url,error,title,,,,,,,"HTTP 429: {""message"": ""Too Many Requests. Please wait and try again or apply for a key for higher rate limits. https://www.semanticscholar.org/product/api#api-key-form"", ""code"": ""429""}",not_found,title,,,,,,,no,
Sidekick: A Low-Cost Open-Source 3D-printed liquid dispensing robot,,https://www.sciencedirect.com/science/article/pii/S2468067222000645,2022,Liquid Handling,pipetting/dispensing,"Dispensing, Liquid handling",Sidekick,Open-source liquid handler (full robot),HardwareX,Maybe (needs verification),ScienceDirect HardwareX landing,,,Low-cost open-source 3D-printed liquid dispensing robot (design files in paper/supplement; verify).,HardwareX often includes complete design files + BOM; strong ‘open hardware’ fit.,710 USD | 710 (motion system alone: 152),yes,yes,yes,yes,1,accessible hardware,accessible liquid-dispensing robot for research and education,"can't aspirate, only dispense (not fully functional like a manual pipette) | Dispense-only -- cannot aspirate, so it is not a full substitute for a manual pipette",Low-cost open-source 3D-printed armature-based liquid dispensing robot,Under 4 hours (excluding 3D-print time),Low,3D printing; basic electronics; MicroPython/G-code-subset command use,Dispenses liquid in 10 uL increments; positional accuracy via homing system + high-resolution stepper motors,Single 96-well SBS-format plate (4 dispense nozzles: P1-P4),Liquids compatible with solenoid-driven positive-displacement pumps,"all CAD, PCB, firmware, and documentation available on GitHub under an open license | All CAD, PCB, firmware, and documentation on GitHub (open license)","Accessible, easy-to-build and maintain; armature design reduces part count/build time/footprint vs. Cartesian systems; much cheaper than commercial liquid handlers (e.g., OT-2 at $5,000+)",liquid_handling | old_table | summary,liquid_handling:5 | old_table:38 | summary:11,/Users/iyakavets/Library/CloudStorage/OneDrive-SharedLibraries-UniversityofToronto/Acceleration Consortium Research - AC Research Docs/SDL6 - HOM/Projects/biofacrication_perspective/deep search analysis/Open-Source Liquid Handling Hardware.xlsx | /Users/iyakavets/Library/CloudStorage/OneDrive-SharedLibraries-UniversityofToronto/Acceleration Consortium Research - AC Research Docs/SDL6 - HOM/Projects/biofacrication_perspective/deep search analysis/Old table.xlsx | /Users/iyakavets/Library/CloudStorage/OneDrive-SharedLibraries-UniversityofToronto/Acceleration Consortium Research - AC Research Docs/SDL6 - HOM/Projects/biofacrication_perspective/deep search analysis/Summary Table.xlsx,"url, title",ok,doi,Sidekick: A Low-Cost Open-Source 3D-printed liquid dispensing robot,645d2acd90cbdb46b8556a422e8bedcd61a56aeb,10.1016/j.ohx.2022.e00319,True,http://www.hardware-x.com/article/S2468067222000645/pdf,https://www.semanticscholar.org/paper/645d2acd90cbdb46b8556a422e8bedcd61a56aeb,,ok,title,Sidekick: A Low-Cost Open-Source 3D-printed liquid dispensing robot,10.1016/j.ohx.2022.e00319,,https://linkinghub.elsevier.com/retrieve/pii/S2468067222000645,https://www.elsevier.com/tdm/userlicense/1.0/ | https://www.elsevier.com/legal/tdmrep-license | http://creativecommons.org/licenses/by/4.0/,,yes,semantic_scholar
Slowpoke: An Automated Golden Gate Cloning Workflow for Opentrons OT-2 and Flex,10.1021/acssynbio.5c00629,https://doi.org/10.1021/acssynbio.5c00629,2026,Liquid Handling,,"Automated pipetting, Control software, Workflow automation",,Protocol/paper,ACS Synthetic Biology,Included (open-source liquid handling hardware),,,,,,,yes,"n/a (software, not hardware)",yes,yes,0,,,,,,,,,,,,,liquid_handling,liquid_handling:22,/Users/iyakavets/Library/CloudStorage/OneDrive-SharedLibraries-UniversityofToronto/Acceleration Consortium Research - AC Research Docs/SDL6 - HOM/Projects/biofacrication_perspective/deep search analysis/Open-Source Liquid Handling Hardware.xlsx,"doi, url",ok,doi,Slowpoke: An Automated Golden Gate Cloning Workflow for Opentrons OT-2 and Flex.,fd92c6cb2240522ebf8ee5269e8ce345c214fb74,10.1021/acssynbio.5c00629,False,,https://www.semanticscholar.org/paper/fd92c6cb2240522ebf8ee5269e8ce345c214fb74,,ok,doi,Slowpoke: An Automated Golden Gate Cloning Workflow for Opentrons OT-2 and Flex,10.1021/acssynbio.5c00629,https://pubs.acs.org/doi/pdf/10.1021/acssynbio.5c00629,https://pubs.acs.org/doi/10.1021/acssynbio.5c00629,https://creativecommons.org/licenses/by/4.0/,,yes,crossref
Soft robotic patterning of liquids,10.1038/s41598-023-41755-5,https://doi.org/10.1038/s41598-023-41755-5,2023,Liquid Handling,,Liquid handling,,Protocol/paper,Scientific Reports,Maybe (needs verification),,,,,"Soft-robotics approach to manipulating/patterning liquids (Scientific Reports). Might be relevant as an alternative actuation/control mechanism for liquid handling, even if not a pipetting robot.",,yes,no,no,"no (workflow orchestration software, AutoLab is not)",0,,,,,,,,,,,,,liquid_handling | old_table | summary,liquid_handling:32 | old_table:28 | summary:30,/Users/iyakavets/Library/CloudStorage/OneDrive-SharedLibraries-UniversityofToronto/Acceleration Consortium Research - AC Research Docs/SDL6 - HOM/Projects/biofacrication_perspective/deep search analysis/Open-Source Liquid Handling Hardware.xlsx | /Users/iyakavets/Library/CloudStorage/OneDrive-SharedLibraries-UniversityofToronto/Acceleration Consortium Research - AC Research Docs/SDL6 - HOM/Projects/biofacrication_perspective/deep search analysis/Old table.xlsx | /Users/iyakavets/Library/CloudStorage/OneDrive-SharedLibraries-UniversityofToronto/Acceleration Consortium Research - AC Research Docs/SDL6 - HOM/Projects/biofacrication_perspective/deep search analysis/Summary Table.xlsx,"doi, url, title",ok,doi,Soft robotic patterning of liquids,e92ff6dfc6f707a0ffc5320d050cb3e745dd936e,10.1038/s41598-023-41755-5,True,https://www.nature.com/articles/s41598-023-41755-5.pdf,https://www.semanticscholar.org/paper/e92ff6dfc6f707a0ffc5320d050cb3e745dd936e,,ok,doi,Soft robotic patterning of liquids,10.1038/s41598-023-41755-5,https://www.nature.com/articles/s41598-023-41755-5.pdf,https://www.nature.com/articles/s41598-023-41755-5,https://creativecommons.org/licenses/by/4.0 | https://creativecommons.org/licenses/by/4.0,,yes,semantic_scholar | crossref
Srishti: a custom-built laser-assisted 3D bioprinter for fabricating high-resolution biological constructs,10.1186/s44330-025-00051-6,https://link.springer.com/article/10.1186/s44330-025-00051-6,2026,Bioprinting,,Laser-assisted,,Open-source bioprinter (full system),BMC Methods,Maybe (open-source but not bioprinting-specific),Springer/BMC landing + DOI,,,Custom-built laser-assisted 3D bioprinter methodology (verify if designs/software are openly released).,2026 methods paper; brings recency and a non-extrusion modality.,,unknown,,no,no,0,,,,,,,,,,,,,bioprinting,bioprinting:34,/Users/iyakavets/Library/CloudStorage/OneDrive-SharedLibraries-UniversityofToronto/Acceleration Consortium Research - AC Research Docs/SDL6 - HOM/Projects/biofacrication_perspective/deep search analysis/Open-Source Bioprinting Tools.xlsx,"doi, url",ok,doi,Srishti: a custom-built laser-assisted 3D bioprinter for fabricating high-resolution biological constructs,9b64e4ac7aa8d0db4c4e251988a42601cb71e7a9,10.1186/s44330-025-00051-6,False,,https://www.semanticscholar.org/paper/9b64e4ac7aa8d0db4c4e251988a42601cb71e7a9,,ok,doi,Srishti: a custom-built laser-assisted 3D bioprinter for fabricating high-resolution biological constructs,10.1186/s44330-025-00051-6,https://link.springer.com/content/pdf/10.1186/s44330-025-00051-6.pdf,https://link.springer.com/10.1186/s44330-025-00051-6,https://creativecommons.org/licenses/by-nc-nd/4.0 | https://creativecommons.org/licenses/by-nc-nd/4.0,,yes,crossref
STARTER: a stand-alone reconfigurable and translational organ-on-chip platform based on modularity and open design principles,,https://pmc.ncbi.nlm.nih.gov/articles/PMC12834090/#sec2,,Organ-on-chip | Microfabrication/Organ-on-Chip,,,STARTER,,,,,,,,,??? (probably expensive due to custom parts) | Not reported (likely high due to custom parts),,No,No?,,,Built on ISO standards. Swapable modules to adpat to different experiments. Reconfigurable fludic circuits. Standalone system. Open-source. Integrated sensing and automation.,Standardization and flexitbility. No external periphals needed.,"High custom-fabrication burden; no reported cost or build-time data, suggesting limited accessibility for non-specialist builders","Modular, reconfigurable organ-on-chip platform with swappable pumping/sensing/OoC modules",Not reported,High,Microfabrication; fluidics design; electronics/sensor integration; ISO-standard compliance knowledge,Not reported (qualitative validation via multi-day in vitro and ex vivo OoC runs),Multi-organ capable; modular/swappable components within ANSI/SLAS microplate footprint,ISO 22916-compliant fluidic circuits; supports multiple OoC chip types/materials,Not reported,"Standardized, swappable modules allow reconfiguration across experiments without external peripherals; tube-less inter-module fluidic connections",old_table | summary,old_table:6 | summary:6,/Users/iyakavets/Library/CloudStorage/OneDrive-SharedLibraries-UniversityofToronto/Acceleration Consortium Research - AC Research Docs/SDL6 - HOM/Projects/biofacrication_perspective/deep search analysis/Old table.xlsx | /Users/iyakavets/Library/CloudStorage/OneDrive-SharedLibraries-UniversityofToronto/Acceleration Consortium Research - AC Research Docs/SDL6 - HOM/Projects/biofacrication_perspective/deep search analysis/Summary Table.xlsx,url,ok,doi,STARTER: a stand-alone reconfigurable and translational organ-on-chip platform based on modularity and open design principles,28b05c77b51b46c4788cf338ae147829d14ed105,10.1039/d5lc00756a,False,,https://www.semanticscholar.org/paper/28b05c77b51b46c4788cf338ae147829d14ed105,,ok,title,STARTER: a stand-alone reconfigurable and translational organ-on-chip platform based on modularity and open design principles,10.1039/d5lc00756a,,https://pubs.rsc.org/lc/article/26/3/604-617/314027,http://creativecommons.org/licenses/by/3.0/,,no,
Systematic design of an advanced open-source 3D bioprinter for extrusion and electrohydrodynamic-based processes,10.1007/s00170-021-06634-1,https://link.springer.com/article/10.1007/s00170-021-06634-1,2021,Bioprinting,,Extrusion,,Open-source bioprinter (full system),The International Journal of Advanced Manufacturing Technology,Maybe (open-source but not bioprinting-specific),Springer landing + DOI,,,Advanced open-source bioprinter design supporting extrusion + electrohydrodynamic processes (verify shared files).,Adds EHD capability to an open design; expands beyond standard syringe extrusion.,,yes,,no,yes,0,,,,,,,,,,,,,bioprinting,bioprinting:32,/Users/iyakavets/Library/CloudStorage/OneDrive-SharedLibraries-UniversityofToronto/Acceleration Consortium Research - AC Research Docs/SDL6 - HOM/Projects/biofacrication_perspective/deep search analysis/Open-Source Bioprinting Tools.xlsx,"doi, url",ok,doi,Systematic design of an advanced open-source 3D bioprinter for extrusion and electrohydrodynamic-based processes,dc20555e47e11c54fb60f4dd7cc4653f01cec12d,10.1007/s00170-021-06634-1,False,,https://www.semanticscholar.org/paper/dc20555e47e11c54fb60f4dd7cc4653f01cec12d,,ok,doi,Systematic design of an advanced open-source 3D bioprinter for extrusion and electrohydrodynamic-based processes,10.1007/s00170-021-06634-1,http://link.springer.com/content/pdf/10.1007/s00170-021-06634-1.pdf,http://link.springer.com/10.1007/s00170-021-06634-1,http://www.springer.com/tdm | http://www.springer.com/tdm,,yes,crossref
The Enderstruder: An accessible open-source syringe extruder compatible with Ender series 3D printers,10.17605/osf.io/9arym,https://pmc.ncbi.nlm.nih.gov/articles/PMC10847170/,2024,Liquid Handling | Bioprinting,,Extrusion,,Open-source extruder/printhead,HardwareX,Included (new open-source bioprinting tool),PMC full text; OSF repository DOI,CC-BY-SA 4.0 (per paper specs table),https://doi.org/10.17605/OSF.IO/9ARYM,Open-source syringe extruder attachment + editable Cura profiles for biomaterial inks.,Direct Replistruder-like tool: low-cost syringe extruder with shared profiles and OSHW metadata.,,Yes,,Yes,Yes,1,,,,,,,,,,,,,bioprinting | old_table | summary,bioprinting:5 | old_table:42 | summary:42,/Users/iyakavets/Library/CloudStorage/OneDrive-SharedLibraries-UniversityofToronto/Acceleration Consortium Research - AC Research Docs/SDL6 - HOM/Projects/biofacrication_perspective/deep search analysis/Open-Source Bioprinting Tools.xlsx | /Users/iyakavets/Library/CloudStorage/OneDrive-SharedLibraries-UniversityofToronto/Acceleration Consortium Research - AC Research Docs/SDL6 - HOM/Projects/biofacrication_perspective/deep search analysis/Old table.xlsx | /Users/iyakavets/Library/CloudStorage/OneDrive-SharedLibraries-UniversityofToronto/Acceleration Consortium Research - AC Research Docs/SDL6 - HOM/Projects/biofacrication_perspective/deep search analysis/Summary Table.xlsx,"doi, url, title",error,title,,,,,,,"HTTP 429: {""message"": ""Too Many Requests. Please wait and try again or apply for a key for higher rate limits. https://www.semanticscholar.org/product/api#api-key-form"", ""code"": ""429""}",ok,title,The Enderstruder: An accessible open-source syringe extruder compatible with Ender series 3D printers,10.1016/j.ohx.2024.e00510,,https://linkinghub.elsevier.com/retrieve/pii/S246806722400004X,https://www.elsevier.com/tdm/userlicense/1.0/ | https://www.elsevier.com/legal/tdmrep-license | http://creativecommons.org/licenses/by/4.0/,,no,
The ‘bIUreactor’: an open-source 3D tissue research platform,10.1007/s10439-024-03481-5,https://link.springer.com/article/10.1007/s10439-024-03481-5,2024,Bioreactors | Bioprinting,,,,Open-source workflow/analysis,Annals of Biomedical Engineering,Maybe (open-source but not bioprinting-specific),Springer landing,,,Open-source tissue research platform (not strictly a bioprinter).,May be useful adjacent open tooling for 3D tissue workflows; include or exclude based on strictness.,,yes,,yes,yes,1,,,,,,,,,,,,,bioprinting | old_table | summary,bioprinting:16 | old_table:22 | summary:24,/Users/iyakavets/Library/CloudStorage/OneDrive-SharedLibraries-UniversityofToronto/Acceleration Consortium Research - AC Research Docs/SDL6 - HOM/Projects/biofacrication_perspective/deep search analysis/Open-Source Bioprinting Tools.xlsx | /Users/iyakavets/Library/CloudStorage/OneDrive-SharedLibraries-UniversityofToronto/Acceleration Consortium Research - AC Research Docs/SDL6 - HOM/Projects/biofacrication_perspective/deep search analysis/Old table.xlsx | /Users/iyakavets/Library/CloudStorage/OneDrive-SharedLibraries-UniversityofToronto/Acceleration Consortium Research - AC Research Docs/SDL6 - HOM/Projects/biofacrication_perspective/deep search analysis/Summary Table.xlsx,"doi, url, title",ok,doi,The ‘bIUreactor’: An Open-Source 3D Tissue Research Platform,ab72bc5b4566ff3c7c1069e30243683e5b6e07f2,10.1007/s10439-024-03481-5,True,https://link.springer.com/content/pdf/10.1007/s10439-024-03481-5.pdf,https://www.semanticscholar.org/paper/ab72bc5b4566ff3c7c1069e30243683e5b6e07f2,,ok,doi,The ‘bIUreactor’: An Open-Source 3D Tissue Research Platform,10.1007/s10439-024-03481-5,https://link.springer.com/content/pdf/10.1007/s10439-024-03481-5.pdf,https://link.springer.com/10.1007/s10439-024-03481-5,https://creativecommons.org/licenses/by/4.0 | https://creativecommons.org/licenses/by/4.0,,yes,semantic_scholar | crossref
